mapName,keyword,date,weekday,hour,time,dateTime,price,tradeCount,timeUnit
미나르숲:남겨진 용의 둥지,미나르숲:남겨진 용의 둥지,2025-12-24,수,7,07:00,2025-12-24 07:00:00,1249999.0,6,HOURLY
미나르숲:남겨진 용의 둥지,미나르숲:남겨진 용의 둥지,2025-12-24,수,8,08:00,2025-12-24 08:00:00,716666.0,7,HOURLY
미나르숲:남겨진 용의 둥지,미나르숲:남겨진 용의 둥지,2025-12-24,수,9,09:00,2025-12-24 09:00:00,2321738.0,26,HOURLY
미나르숲:남겨진 용의 둥지,미나르숲:남겨진 용의 둥지,2025-12-24,수,10,10:00,2025-12-24 10:00:00,4572727.0,13,HOURLY
미나르숲:남겨진 용의 둥지,미나르숲:남겨진 용의 둥지,2025-12-24,수,11,11:00,2025-12-24 11:00:00,5414285.0,14,HOURLY
미나르숲:남겨진 용의 둥지,미나르숲:남겨진 용의 둥지,2025-12-24,수,12,12:00,2025-12-24 12:00:00,8315789.0,24,HOURLY
미나르숲:남겨진 용의 둥지,미나르숲:남겨진 용의 둥지,2025-12-24,수,13,13:00,2025-12-24 13:00:00,8291666.0,18,HOURLY
미나르숲:남겨진 용의 둥지,미나르숲:남겨진 용의 둥지,2025-12-24,수,14,14:00,2025-12-24 14:00:00,9343749.0,18,HOURLY
미나르숲:남겨진 용의 둥지,미나르숲:남겨진 용의 둥지,2025-12-24,수,15,15:00,2025-12-24 15:00:00,9733333.0,20,HOURLY
미나르숲:남겨진 용의 둥지,미나르숲:남겨진 용의 둥지,2025-12-24,수,16,16:00,2025-12-24 16:00:00,10419999.0,29,HOURLY
미나르숲:남겨진 용의 둥지,미나르숲:남겨진 용의 둥지,2025-12-24,수,17,17:00,2025-12-24 17:00:00,8333333.0,23,HOURLY
미나르숲:남겨진 용의 둥지,미나르숲:남겨진 용의 둥지,2025-12-24,수,18,18:00,2025-12-24 18:00:00,7499999.0,22,HOURLY
미나르숲:남겨진 용의 둥지,미나르숲:남겨진 용의 둥지,2025-12-24,수,19,19:00,2025-12-24 19:00:00,5916666.0,22,HOURLY
미나르숲:남겨진 용의 둥지,미나르숲:남겨진 용의 둥지,2025-12-24,수,20,20:00,2025-12-24 20:00:00,5352941.0,19,HOURLY
미나르숲:남겨진 용의 둥지,미나르숲:남겨진 용의 둥지,2025-12-24,수,21,21:00,2025-12-24 21:00:00,5973912.0,25,HOURLY
미나르숲:남겨진 용의 둥지,미나르숲:남겨진 용의 둥지,2025-12-24,수,22,22:00,2025-12-24 22:00:00,6375000.0,20,HOURLY
미나르숲:남겨진 용의 둥지,미나르숲:남겨진 용의 둥지,2025-12-24,수,23,23:00,2025-12-24 23:00:00,6558823.0,18,HOURLY
미나르숲:남겨진 용의 둥지,미나르숲:남겨진 용의 둥지,2025-12-25,목,0,00:00,2025-12-25 00:00:00,7539999.0,23,HOURLY
미나르숲:남겨진 용의 둥지,미나르숲:남겨진 용의 둥지,2025-12-25,목,1,01:00,2025-12-25 01:00:00,6377036.0,31,HOURLY
미나르숲:남겨진 용의 둥지,미나르숲:남겨진 용의 둥지,2025-12-25,목,2,02:00,2025-12-25 02:00:00,5966666.0,22,HOURLY
미나르숲:남겨진 용의 둥지,미나르숲:남겨진 용의 둥지,2025-12-25,목,3,03:00,2025-12-25 03:00:00,5999999.0,20,HOURLY
미나르숲:남겨진 용의 둥지,미나르숲:남겨진 용의 둥지,2025-12-25,목,4,04:00,2025-12-25 04:00:00,2904761.0,22,HOURLY
미나르숲:남겨진 용의 둥지,미나르숲:남겨진 용의 둥지,2025-12-25,목,5,05:00,2025-12-25 05:00:00,2113769.0,13,HOURLY
미나르숲:남겨진 용의 둥지,미나르숲:남겨진 용의 둥지,2025-12-25,목,6,06:00,2025-12-25 06:00:00,4306249.0,16,HOURLY
미나르숲:남겨진 용의 둥지,미나르숲:남겨진 용의 둥지,2025-12-25,목,7,07:00,2025-12-25 07:00:00,6425000.0,16,HOURLY
미나르숲:남겨진 용의 둥지,미나르숲:남겨진 용의 둥지,2025-12-25,목,8,08:00,2025-12-25 08:00:00,9399999.0,25,HOURLY
미나르숲:남겨진 용의 둥지,미나르숲:남겨진 용의 둥지,2025-12-25,목,9,09:00,2025-12-25 09:00:00,12363636.0,13,HOURLY
미나르숲:남겨진 용의 둥지,미나르숲:남겨진 용의 둥지,2025-12-25,목,10,10:00,2025-12-25 10:00:00,13769230.0,15,HOURLY
미나르숲:남겨진 용의 둥지,미나르숲:남겨진 용의 둥지,2025-12-25,목,11,11:00,2025-12-25 11:00:00,15124999.0,19,HOURLY
미나르숲:남겨진 용의 둥지,미나르숲:남겨진 용의 둥지,2025-12-25,목,12,12:00,2025-12-25 12:00:00,13799999.0,12,HOURLY
미나르숲:남겨진 용의 둥지,미나르숲:남겨진 용의 둥지,2025-12-25,목,13,13:00,2025-12-25 13:00:00,11611110.0,20,HOURLY
미나르숲:남겨진 용의 둥지,미나르숲:남겨진 용의 둥지,2025-12-25,목,14,14:00,2025-12-25 14:00:00,13468749.0,19,HOURLY
미나르숲:남겨진 용의 둥지,미나르숲:남겨진 용의 둥지,2025-12-25,목,15,15:00,2025-12-25 15:00:00,15583333.0,21,HOURLY
미나르숲:남겨진 용의 둥지,미나르숲:남겨진 용의 둥지,2025-12-25,목,16,16:00,2025-12-25 16:00:00,16531060.0,23,HOURLY
미나르숲:남겨진 용의 둥지,미나르숲:남겨진 용의 둥지,2025-12-25,목,17,17:00,2025-12-25 17:00:00,12977833.0,22,HOURLY
미나르숲:남겨진 용의 둥지,미나르숲:남겨진 용의 둥지,2025-12-25,목,18,18:00,2025-12-25 18:00:00,7909090.0,36,HOURLY
미나르숲:남겨진 용의 둥지,미나르숲:남겨진 용의 둥지,2025-12-25,목,19,19:00,2025-12-25 19:00:00,7392360.0,19,HOURLY
미나르숲:남겨진 용의 둥지,미나르숲:남겨진 용의 둥지,2025-12-25,목,20,20:00,2025-12-25 20:00:00,6921052.0,23,HOURLY
미나르숲:남겨진 용의 둥지,미나르숲:남겨진 용의 둥지,2025-12-25,목,21,21:00,2025-12-25 21:00:00,7252381.0,24,HOURLY
미나르숲:남겨진 용의 둥지,미나르숲:남겨진 용의 둥지,2025-12-25,목,22,22:00,2025-12-25 22:00:00,7962500.0,17,HOURLY
미나르숲:남겨진 용의 둥지,미나르숲:남겨진 용의 둥지,2025-12-25,목,23,23:00,2025-12-25 23:00:00,7388888.0,23,HOURLY
미나르숲:남겨진 용의 둥지,미나르숲:남겨진 용의 둥지,2025-12-26,금,0,00:00,2025-12-26 00:00:00,5117809.0,35,HOURLY
미나르숲:남겨진 용의 둥지,미나르숲:남겨진 용의 둥지,2025-12-26,금,1,01:00,2025-12-26 01:00:00,1524999.0,37,HOURLY
미나르숲:남겨진 용의 둥지,미나르숲:남겨진 용의 둥지,2025-12-26,금,2,02:00,2025-12-26 02:00:00,1505005.0,24,HOURLY
미나르숲:남겨진 용의 둥지,미나르숲:남겨진 용의 둥지,2025-12-26,금,3,03:00,2025-12-26 03:00:00,878571.0,20,HOURLY
미나르숲:남겨진 용의 둥지,미나르숲:남겨진 용의 둥지,2025-12-26,금,4,04:00,2025-12-26 04:00:00,515384.0,14,HOURLY
미나르숲:남겨진 용의 둥지,미나르숲:남겨진 용의 둥지,2025-12-26,금,5,05:00,2025-12-26 05:00:00,1169247.0,23,HOURLY
미나르숲:남겨진 용의 둥지,미나르숲:남겨진 용의 둥지,2025-12-26,금,6,06:00,2025-12-26 06:00:00,3666666.0,9,HOURLY
미나르숲:남겨진 용의 둥지,미나르숲:남겨진 용의 둥지,2025-12-26,금,7,07:00,2025-12-26 07:00:00,3857142.0,8,HOURLY
미나르숲:남겨진 용의 둥지,미나르숲:남겨진 용의 둥지,2025-12-26,금,8,08:00,2025-12-26 08:00:00,6310457.0,18,HOURLY
미나르숲:남겨진 용의 둥지,미나르숲:남겨진 용의 둥지,2025-12-26,금,9,09:00,2025-12-26 09:00:00,11382352.0,18,HOURLY
미나르숲:남겨진 용의 둥지,미나르숲:남겨진 용의 둥지,2025-12-26,금,10,10:00,2025-12-26 10:00:00,9824999.0,20,HOURLY
미나르숲:남겨진 용의 둥지,미나르숲:남겨진 용의 둥지,2025-12-26,금,11,11:00,2025-12-26 11:00:00,15200000.0,18,HOURLY
미나르숲:남겨진 용의 둥지,미나르숲:남겨진 용의 둥지,2025-12-26,금,12,12:00,2025-12-26 12:00:00,14351465.0,16,HOURLY
미나르숲:남겨진 용의 둥지,미나르숲:남겨진 용의 둥지,2025-12-26,금,13,13:00,2025-12-26 13:00:00,14916666.0,21,HOURLY
미나르숲:남겨진 용의 둥지,미나르숲:남겨진 용의 둥지,2025-12-26,금,14,14:00,2025-12-26 14:00:00,16050000.0,11,HOURLY
미나르숲:남겨진 용의 둥지,미나르숲:남겨진 용의 둥지,2025-12-26,금,15,15:00,2025-12-26 15:00:00,14566666.0,17,HOURLY
미나르숲:남겨진 용의 둥지,미나르숲:남겨진 용의 둥지,2025-12-26,금,16,16:00,2025-12-26 16:00:00,17573232.0,24,HOURLY
미나르숲:남겨진 용의 둥지,미나르숲:남겨진 용의 둥지,2025-12-26,금,17,17:00,2025-12-26 17:00:00,17576923.0,16,HOURLY
미나르숲:남겨진 용의 둥지,미나르숲:남겨진 용의 둥지,2025-12-26,금,18,18:00,2025-12-26 18:00:00,15115384.0,28,HOURLY
미나르숲:남겨진 용의 둥지,미나르숲:남겨진 용의 둥지,2025-12-26,금,19,19:00,2025-12-26 19:00:00,13419354.0,33,HOURLY
미나르숲:남겨진 용의 둥지,미나르숲:남겨진 용의 둥지,2025-12-26,금,20,20:00,2025-12-26 20:00:00,14159090.0,25,HOURLY
미나르숲:남겨진 용의 둥지,미나르숲:남겨진 용의 둥지,2025-12-26,금,21,21:00,2025-12-26 21:00:00,13095833.0,29,HOURLY
미나르숲:남겨진 용의 둥지,미나르숲:남겨진 용의 둥지,2025-12-26,금,22,22:00,2025-12-26 22:00:00,14052631.0,20,HOURLY
미나르숲:남겨진 용의 둥지,미나르숲:남겨진 용의 둥지,2025-12-26,금,23,23:00,2025-12-26 23:00:00,12074999.0,24,HOURLY
미나르숲:남겨진 용의 둥지,미나르숲:남겨진 용의 둥지,2025-12-27,토,0,00:00,2025-12-27 00:00:00,8469123.0,20,HOURLY
미나르숲:남겨진 용의 둥지,미나르숲:남겨진 용의 둥지,2025-12-27,토,1,01:00,2025-12-27 01:00:00,11057539.0,31,HOURLY
미나르숲:남겨진 용의 둥지,미나르숲:남겨진 용의 둥지,2025-12-27,토,2,02:00,2025-12-27 02:00:00,6233333.0,21,HOURLY
미나르숲:남겨진 용의 둥지,미나르숲:남겨진 용의 둥지,2025-12-27,토,3,03:00,2025-12-27 03:00:00,7772727.0,20,HOURLY
미나르숲:남겨진 용의 둥지,미나르숲:남겨진 용의 둥지,2025-12-27,토,4,04:00,2025-12-27 04:00:00,8284018.0,18,HOURLY
미나르숲:남겨진 용의 둥지,미나르숲:남겨진 용의 둥지,2025-12-27,토,5,05:00,2025-12-27 05:00:00,11437499.0,18,HOURLY
미나르숲:남겨진 용의 둥지,미나르숲:남겨진 용의 둥지,2025-12-27,토,6,06:00,2025-12-27 06:00:00,12384615.0,14,HOURLY
미나르숲:남겨진 용의 둥지,미나르숲:남겨진 용의 둥지,2025-12-27,토,7,07:00,2025-12-27 07:00:00,13928571.0,14,HOURLY
미나르숲:남겨진 용의 둥지,미나르숲:남겨진 용의 둥지,2025-12-27,토,8,08:00,2025-12-27 08:00:00,19399999.0,23,HOURLY
미나르숲:남겨진 용의 둥지,미나르숲:남겨진 용의 둥지,2025-12-27,토,9,09:00,2025-12-27 09:00:00,14084991.0,22,HOURLY
미나르숲:남겨진 용의 둥지,미나르숲:남겨진 용의 둥지,2025-12-27,토,10,10:00,2025-12-27 10:00:00,20999999.0,16,HOURLY
미나르숲:남겨진 용의 둥지,미나르숲:남겨진 용의 둥지,2025-12-27,토,11,11:00,2025-12-27 11:00:00,21562500.0,19,HOURLY
미나르숲:남겨진 용의 둥지,미나르숲:남겨진 용의 둥지,2025-12-27,토,12,12:00,2025-12-27 12:00:00,23769230.0,16,HOURLY
미나르숲:남겨진 용의 둥지,미나르숲:남겨진 용의 둥지,2025-12-27,토,13,13:00,2025-12-27 13:00:00,17591879.0,23,HOURLY
미나르숲:남겨진 용의 둥지,미나르숲:남겨진 용의 둥지,2025-12-27,토,14,14:00,2025-12-27 14:00:00,21428571.0,19,HOURLY
미나르숲:남겨진 용의 둥지,미나르숲:남겨진 용의 둥지,2025-12-27,토,15,15:00,2025-12-27 15:00:00,21176470.0,18,HOURLY
미나르숲:남겨진 용의 둥지,미나르숲:남겨진 용의 둥지,2025-12-27,토,16,16:00,2025-12-27 16:00:00,20866666.0,18,HOURLY
미나르숲:남겨진 용의 둥지,미나르숲:남겨진 용의 둥지,2025-12-27,토,17,17:00,2025-12-27 17:00:00,19411764.0,20,HOURLY
미나르숲:남겨진 용의 둥지,미나르숲:남겨진 용의 둥지,2025-12-27,토,18,18:00,2025-12-27 18:00:00,14115384.0,14,HOURLY
미나르숲:남겨진 용의 둥지,미나르숲:남겨진 용의 둥지,2025-12-27,토,19,19:00,2025-12-27 19:00:00,12187830.0,22,HOURLY
미나르숲:남겨진 용의 둥지,미나르숲:남겨진 용의 둥지,2025-12-27,토,20,20:00,2025-12-27 20:00:00,12027777.0,19,HOURLY
미나르숲:남겨진 용의 둥지,미나르숲:남겨진 용의 둥지,2025-12-27,토,21,21:00,2025-12-27 21:00:00,12108796.0,26,HOURLY
미나르숲:남겨진 용의 둥지,미나르숲:남겨진 용의 둥지,2025-12-27,토,22,22:00,2025-12-27 22:00:00,12571999.0,29,HOURLY
미나르숲:남겨진 용의 둥지,미나르숲:남겨진 용의 둥지,2025-12-27,토,23,23:00,2025-12-27 23:00:00,13416666.0,21,HOURLY
미나르숲:남겨진 용의 둥지,미나르숲:남겨진 용의 둥지,2025-12-28,일,0,00:00,2025-12-28 00:00:00,11809523.0,26,HOURLY
미나르숲:남겨진 용의 둥지,미나르숲:남겨진 용의 둥지,2025-12-28,일,1,01:00,2025-12-28 01:00:00,11055555.0,22,HOURLY
미나르숲:남겨진 용의 둥지,미나르숲:남겨진 용의 둥지,2025-12-28,일,2,02:00,2025-12-28 02:00:00,7947368.0,23,HOURLY
미나르숲:남겨진 용의 둥지,미나르숲:남겨진 용의 둥지,2025-12-28,일,3,03:00,2025-12-28 03:00:00,7281250.0,19,HOURLY
미나르숲:남겨진 용의 둥지,미나르숲:남겨진 용의 둥지,2025-12-28,일,4,04:00,2025-12-28 04:00:00,9944444.0,18,HOURLY
미나르숲:남겨진 용의 둥지,미나르숲:남겨진 용의 둥지,2025-12-28,일,5,05:00,2025-12-28 05:00:00,8776401.0,21,HOURLY
미나르숲:남겨진 용의 둥지,미나르숲:남겨진 용의 둥지,2025-12-28,일,6,06:00,2025-12-28 06:00:00,11714285.0,14,HOURLY
미나르숲:남겨진 용의 둥지,미나르숲:남겨진 용의 둥지,2025-12-28,일,7,07:00,2025-12-28 07:00:00,12083333.0,15,HOURLY
미나르숲:남겨진 용의 둥지,미나르숲:남겨진 용의 둥지,2025-12-28,일,8,08:00,2025-12-28 08:00:00,14052631.0,22,HOURLY
미나르숲:남겨진 용의 둥지,미나르숲:남겨진 용의 둥지,2025-12-28,일,9,09:00,2025-12-28 09:00:00,14766666.0,16,HOURLY
미나르숲:남겨진 용의 둥지,미나르숲:남겨진 용의 둥지,2025-12-28,일,10,10:00,2025-12-28 10:00:00,14630434.0,26,HOURLY
미나르숲:남겨진 용의 둥지,미나르숲:남겨진 용의 둥지,2025-12-28,일,11,11:00,2025-12-28 11:00:00,14499999.0,23,HOURLY
미나르숲:남겨진 용의 둥지,미나르숲:남겨진 용의 둥지,2025-12-28,일,12,12:00,2025-12-28 12:00:00,13266666.0,15,HOURLY
미나르숲:남겨진 용의 둥지,미나르숲:남겨진 용의 둥지,2025-12-28,일,13,13:00,2025-12-28 13:00:00,12260233.0,24,HOURLY
미나르숲:남겨진 용의 둥지,미나르숲:남겨진 용의 둥지,2025-12-28,일,14,14:00,2025-12-28 14:00:00,14038461.0,29,HOURLY
미나르숲:남겨진 용의 둥지,미나르숲:남겨진 용의 둥지,2025-12-28,일,15,15:00,2025-12-28 15:00:00,14219999.0,29,HOURLY
미나르숲:남겨진 용의 둥지,미나르숲:남겨진 용의 둥지,2025-12-28,일,16,16:00,2025-12-28 16:00:00,11104166.0,27,HOURLY
미나르숲:남겨진 용의 둥지,미나르숲:남겨진 용의 둥지,2025-12-28,일,17,17:00,2025-12-28 17:00:00,9153571.0,30,HOURLY
미나르숲:남겨진 용의 둥지,미나르숲:남겨진 용의 둥지,2025-12-28,일,18,18:00,2025-12-28 18:00:00,8085714.0,19,HOURLY
미나르숲:남겨진 용의 둥지,미나르숲:남겨진 용의 둥지,2025-12-28,일,19,19:00,2025-12-28 19:00:00,7814999.0,35,HOURLY
미나르숲:남겨진 용의 둥지,미나르숲:남겨진 용의 둥지,2025-12-28,일,20,20:00,2025-12-28 20:00:00,4800440.0,34,HOURLY
미나르숲:남겨진 용의 둥지,미나르숲:남겨진 용의 둥지,2025-12-28,일,21,21:00,2025-12-28 21:00:00,5103571.0,35,HOURLY
미나르숲:남겨진 용의 둥지,미나르숲:남겨진 용의 둥지,2025-12-28,일,22,22:00,2025-12-28 22:00:00,4281481.0,31,HOURLY
미나르숲:남겨진 용의 둥지,미나르숲:남겨진 용의 둥지,2025-12-28,일,23,23:00,2025-12-28 23:00:00,3679166.0,30,HOURLY
미나르숲:남겨진 용의 둥지,미나르숲:남겨진 용의 둥지,2025-12-29,월,0,00:00,2025-12-29 00:00:00,2761538.0,32,HOURLY
미나르숲:남겨진 용의 둥지,미나르숲:남겨진 용의 둥지,2025-12-29,월,1,01:00,2025-12-29 01:00:00,2429629.0,28,HOURLY
미나르숲:남겨진 용의 둥지,미나르숲:남겨진 용의 둥지,2025-12-29,월,2,02:00,2025-12-29 02:00:00,1194176.0,20,HOURLY
미나르숲:남겨진 용의 둥지,미나르숲:남겨진 용의 둥지,2025-12-29,월,3,03:00,2025-12-29 03:00:00,1014999.0,22,HOURLY
미나르숲:남겨진 용의 둥지,미나르숲:남겨진 용의 둥지,2025-12-29,월,4,04:00,2025-12-29 04:00:00,584615.0,15,HOURLY
미나르숲:남겨진 용의 둥지,미나르숲:남겨진 용의 둥지,2025-12-29,월,5,05:00,2025-12-29 05:00:00,865217.0,25,HOURLY
미나르숲:남겨진 용의 둥지,미나르숲:남겨진 용의 둥지,2025-12-29,월,6,06:00,2025-12-29 06:00:00,1033332.0,15,HOURLY
미나르숲:남겨진 용의 둥지,미나르숲:남겨진 용의 둥지,2025-12-29,월,7,07:00,2025-12-29 07:00:00,3258479.0,20,HOURLY
미나르숲:남겨진 용의 둥지,미나르숲:남겨진 용의 둥지,2025-12-29,월,8,08:00,2025-12-29 08:00:00,2600156.0,16,HOURLY
미나르숲:남겨진 용의 둥지,미나르숲:남겨진 용의 둥지,2025-12-29,월,9,09:00,2025-12-29 09:00:00,3575362.0,23,HOURLY
미나르숲:남겨진 용의 둥지,미나르숲:남겨진 용의 둥지,2025-12-29,월,10,10:00,2025-12-29 10:00:00,4392856.0,15,HOURLY
미나르숲:남겨진 용의 둥지,미나르숲:남겨진 용의 둥지,2025-12-29,월,11,11:00,2025-12-29 11:00:00,6572221.0,18,HOURLY
미나르숲:남겨진 용의 둥지,미나르숲:남겨진 용의 둥지,2025-12-29,월,12,12:00,2025-12-29 12:00:00,7184210.0,27,HOURLY
미나르숲:남겨진 용의 둥지,미나르숲:남겨진 용의 둥지,2025-12-29,월,13,13:00,2025-12-29 13:00:00,4792407.0,30,HOURLY
미나르숲:남겨진 용의 둥지,미나르숲:남겨진 용의 둥지,2025-12-29,월,14,14:00,2025-12-29 14:00:00,6166666.0,21,HOURLY
미나르숲:남겨진 용의 둥지,미나르숲:남겨진 용의 둥지,2025-12-29,월,15,15:00,2025-12-29 15:00:00,6449999.0,31,HOURLY
미나르숲:남겨진 용의 둥지,미나르숲:남겨진 용의 둥지,2025-12-29,월,16,16:00,2025-12-29 16:00:00,7592856.0,19,HOURLY
미나르숲:남겨진 용의 둥지,미나르숲:남겨진 용의 둥지,2025-12-29,월,17,17:00,2025-12-29 17:00:00,6644827.0,31,HOURLY
미나르숲:남겨진 용의 둥지,미나르숲:남겨진 용의 둥지,2025-12-29,월,18,18:00,2025-12-29 18:00:00,5668749.0,38,HOURLY
미나르숲:남겨진 용의 둥지,미나르숲:남겨진 용의 둥지,2025-12-29,월,19,19:00,2025-12-29 19:00:00,5357142.0,29,HOURLY
미나르숲:남겨진 용의 둥지,미나르숲:남겨진 용의 둥지,2025-12-29,월,20,20:00,2025-12-29 20:00:00,7206249.0,33,HOURLY
미나르숲:남겨진 용의 둥지,미나르숲:남겨진 용의 둥지,2025-12-29,월,21,21:00,2025-12-29 21:00:00,5457692.0,29,HOURLY
미나르숲:남겨진 용의 둥지,미나르숲:남겨진 용의 둥지,2025-12-29,월,22,22:00,2025-12-29 22:00:00,4824242.0,38,HOURLY
미나르숲:남겨진 용의 둥지,미나르숲:남겨진 용의 둥지,2025-12-29,월,23,23:00,2025-12-29 23:00:00,4305555.0,38,HOURLY
미나르숲:남겨진 용의 둥지,미나르숲:남겨진 용의 둥지,2025-12-30,화,0,00:00,2025-12-30 00:00:00,2249999.0,31,HOURLY
미나르숲:남겨진 용의 둥지,미나르숲:남겨진 용의 둥지,2025-12-30,화,1,01:00,2025-12-30 01:00:00,1344999.0,35,HOURLY
미나르숲:남겨진 용의 둥지,미나르숲:남겨진 용의 둥지,2025-12-30,화,2,02:00,2025-12-30 02:00:00,471153.0,31,HOURLY
미나르숲:남겨진 용의 둥지,미나르숲:남겨진 용의 둥지,2025-12-30,화,3,03:00,2025-12-30 03:00:00,327777.0,12,HOURLY
미나르숲:남겨진 용의 둥지,미나르숲:남겨진 용의 둥지,2025-12-30,화,4,04:00,2025-12-30 04:00:00,150000.0,2,HOURLY
미나르숲:남겨진 용의 둥지,미나르숲:남겨진 용의 둥지,2025-12-30,화,5,05:00,2025-12-30 05:00:00,99999.0,1,HOURLY
미나르숲:남겨진 용의 둥지,미나르숲:남겨진 용의 둥지,2025-12-30,화,6,06:00,2025-12-30 06:00:00,0.0,0,HOURLY
미나르숲:남겨진 용의 둥지,미나르숲:남겨진 용의 둥지,2025-12-30,화,7,07:00,2025-12-30 07:00:00,0.0,0,HOURLY
미나르숲:남겨진 용의 둥지,미나르숲:남겨진 용의 둥지,2025-12-30,화,8,08:00,2025-12-30 08:00:00,0.0,0,HOURLY
미나르숲:남겨진 용의 둥지,미나르숲:남겨진 용의 둥지,2025-12-30,화,9,09:00,2025-12-30 09:00:00,16199999.0,11,HOURLY
미나르숲:남겨진 용의 둥지,미나르숲:남겨진 용의 둥지,2025-12-30,화,10,10:00,2025-12-30 10:00:00,17999999.0,15,HOURLY
미나르숲:남겨진 용의 둥지,미나르숲:남겨진 용의 둥지,2025-12-30,화,11,11:00,2025-12-30 11:00:00,17666666.0,3,HOURLY
미나르숲:남겨진 용의 둥지,미나르숲:남겨진 용의 둥지,2025-12-30,화,12,12:00,2025-12-30 12:00:00,14312499.0,9,HOURLY
미나르숲:남겨진 용의 둥지,미나르숲:남겨진 용의 둥지,2025-12-30,화,13,13:00,2025-12-30 13:00:00,12374999.0,11,HOURLY
미나르숲:남겨진 용의 둥지,미나르숲:남겨진 용의 둥지,2025-12-30,화,14,14:00,2025-12-30 14:00:00,10808632.0,13,HOURLY
미나르숲:남겨진 용의 둥지,미나르숲:남겨진 용의 둥지,2025-12-30,화,15,15:00,2025-12-30 15:00:00,14676767.0,13,HOURLY
미나르숲:남겨진 용의 둥지,미나르숲:남겨진 용의 둥지,2025-12-30,화,16,16:00,2025-12-30 16:00:00,15056250.0,18,HOURLY
미나르숲:남겨진 용의 둥지,미나르숲:남겨진 용의 둥지,2025-12-30,화,17,17:00,2025-12-30 17:00:00,14512345.0,18,HOURLY
미나르숲:남겨진 용의 둥지,미나르숲:남겨진 용의 둥지,2025-12-30,화,18,18:00,2025-12-30 18:00:00,12617647.0,18,HOURLY
미나르숲:남겨진 용의 둥지,미나르숲:남겨진 용의 둥지,2025-12-30,화,19,19:00,2025-12-30 19:00:00,12052631.0,23,HOURLY
미나르숲:남겨진 용의 둥지,미나르숲:남겨진 용의 둥지,2025-12-30,화,20,20:00,2025-12-30 20:00:00,9660869.0,28,HOURLY
미나르숲:남겨진 용의 둥지,미나르숲:남겨진 용의 둥지,2025-12-30,화,21,21:00,2025-12-30 21:00:00,7027777.0,24,HOURLY
미나르숲:남겨진 용의 둥지,미나르숲:남겨진 용의 둥지,2025-12-30,화,22,22:00,2025-12-30 22:00:00,4956249.0,20,HOURLY
미나르숲:남겨진 용의 둥지,미나르숲:남겨진 용의 둥지,2025-12-30,화,23,23:00,2025-12-30 23:00:00,5052631.0,27,HOURLY
미나르숲:남겨진 용의 둥지,미나르숲:남겨진 용의 둥지,2025-12-31,수,0,00:00,2025-12-31 00:00:00,4379166.0,27,HOURLY
미나르숲:남겨진 용의 둥지,미나르숲:남겨진 용의 둥지,2025-12-31,수,1,01:00,2025-12-31 01:00:00,3184444.0,32,HOURLY
미나르숲:남겨진 용의 둥지,미나르숲:남겨진 용의 둥지,2025-12-31,수,2,02:00,2025-12-31 02:00:00,2900000.0,25,HOURLY
미나르숲:남겨진 용의 둥지,미나르숲:남겨진 용의 둥지,2025-12-31,수,3,03:00,2025-12-31 03:00:00,1564044.0,29,HOURLY
미나르숲:남겨진 용의 둥지,미나르숲:남겨진 용의 둥지,2025-12-31,수,4,04:00,2025-12-31 04:00:00,1234999.0,20,HOURLY
미나르숲:남겨진 용의 둥지,미나르숲:남겨진 용의 둥지,2025-12-31,수,5,05:00,2025-12-31 05:00:00,1559999.0,15,HOURLY
미나르숲:남겨진 용의 둥지,미나르숲:남겨진 용의 둥지,2025-12-31,수,6,06:00,2025-12-31 06:00:00,3312500.0,12,HOURLY
미나르숲:남겨진 용의 둥지,미나르숲:남겨진 용의 둥지,2025-12-31,수,7,07:00,2025-12-31 07:00:00,4268749.0,17,HOURLY
미나르숲:남겨진 용의 둥지,미나르숲:남겨진 용의 둥지,2025-12-31,수,8,08:00,2025-12-31 08:00:00,6738095.0,22,HOURLY
미나르숲:남겨진 용의 둥지,미나르숲:남겨진 용의 둥지,2025-12-31,수,9,09:00,2025-12-31 09:00:00,7531249.0,17,HOURLY
미나르숲:남겨진 용의 둥지,미나르숲:남겨진 용의 둥지,2025-12-31,수,10,10:00,2025-12-31 10:00:00,11152173.0,25,HOURLY
미나르숲:남겨진 용의 둥지,미나르숲:남겨진 용의 둥지,2025-12-31,수,11,11:00,2025-12-31 11:00:00,13222222.0,11,HOURLY
미나르숲:남겨진 용의 둥지,미나르숲:남겨진 용의 둥지,2025-12-31,수,12,12:00,2025-12-31 12:00:00,14055555.0,24,HOURLY
미나르숲:남겨진 용의 둥지,미나르숲:남겨진 용의 둥지,2025-12-31,수,13,13:00,2025-12-31 13:00:00,13874999.0,13,HOURLY
미나르숲:남겨진 용의 둥지,미나르숲:남겨진 용의 둥지,2025-12-31,수,14,14:00,2025-12-31 14:00:00,14666666.0,15,HOURLY
미나르숲:남겨진 용의 둥지,미나르숲:남겨진 용의 둥지,2025-12-31,수,15,15:00,2025-12-31 15:00:00,15300653.0,19,HOURLY
미나르숲:남겨진 용의 둥지,미나르숲:남겨진 용의 둥지,2025-12-31,수,16,16:00,2025-12-31 16:00:00,16045454.0,27,HOURLY
미나르숲:남겨진 용의 둥지,미나르숲:남겨진 용의 둥지,2025-12-31,수,17,17:00,2025-12-31 17:00:00,15238095.0,28,HOURLY
미나르숲:남겨진 용의 둥지,미나르숲:남겨진 용의 둥지,2025-12-31,수,18,18:00,2025-12-31 18:00:00,12655555.0,25,HOURLY
미나르숲:남겨진 용의 둥지,미나르숲:남겨진 용의 둥지,2025-12-31,수,19,19:00,2025-12-31 19:00:00,10547618.0,24,HOURLY
미나르숲:남겨진 용의 둥지,미나르숲:남겨진 용의 둥지,2025-12-31,수,20,20:00,2025-12-31 20:00:00,10624999.0,22,HOURLY
미나르숲:남겨진 용의 둥지,미나르숲:남겨진 용의 둥지,2025-12-31,수,21,21:00,2025-12-31 21:00:00,10147825.0,26,HOURLY
미나르숲:남겨진 용의 둥지,미나르숲:남겨진 용의 둥지,2025-12-31,수,22,22:00,2025-12-31 22:00:00,12055555.0,19,HOURLY
미나르숲:남겨진 용의 둥지,미나르숲:남겨진 용의 둥지,2025-12-31,수,23,23:00,2025-12-31 23:00:00,13789473.0,21,HOURLY
미나르숲:망가진 용의 둥지,미나르숲:망가진 용의 둥지,2025-12-24,수,7,07:00,2025-12-24 07:00:00,13000000.0,3,HOURLY
미나르숲:망가진 용의 둥지,미나르숲:망가진 용의 둥지,2025-12-24,수,8,08:00,2025-12-24 08:00:00,10791469.0,9,HOURLY
미나르숲:망가진 용의 둥지,미나르숲:망가진 용의 둥지,2025-12-24,수,9,09:00,2025-12-24 09:00:00,14643518.0,6,HOURLY
미나르숲:망가진 용의 둥지,미나르숲:망가진 용의 둥지,2025-12-24,수,10,10:00,2025-12-24 10:00:00,13364741.0,12,HOURLY
미나르숲:망가진 용의 둥지,미나르숲:망가진 용의 둥지,2025-12-24,수,11,11:00,2025-12-24 11:00:00,17723332.0,11,HOURLY
미나르숲:망가진 용의 둥지,미나르숲:망가진 용의 둥지,2025-12-24,수,12,12:00,2025-12-24 12:00:00,23870370.0,9,HOURLY
미나르숲:망가진 용의 둥지,미나르숲:망가진 용의 둥지,2025-12-24,수,13,13:00,2025-12-24 13:00:00,28111111.0,10,HOURLY
미나르숲:망가진 용의 둥지,미나르숲:망가진 용의 둥지,2025-12-24,수,14,14:00,2025-12-24 14:00:00,30625000.0,11,HOURLY
미나르숲:망가진 용의 둥지,미나르숲:망가진 용의 둥지,2025-12-24,수,15,15:00,2025-12-24 15:00:00,39000000.0,1,HOURLY
미나르숲:망가진 용의 둥지,미나르숲:망가진 용의 둥지,2025-12-24,수,16,16:00,2025-12-24 16:00:00,38900000.0,10,HOURLY
미나르숲:망가진 용의 둥지,미나르숲:망가진 용의 둥지,2025-12-24,수,17,17:00,2025-12-24 17:00:00,22333703.0,3,HOURLY
미나르숲:망가진 용의 둥지,미나르숲:망가진 용의 둥지,2025-12-24,수,18,18:00,2025-12-24 18:00:00,22857142.0,12,HOURLY
미나르숲:망가진 용의 둥지,미나르숲:망가진 용의 둥지,2025-12-24,수,19,19:00,2025-12-24 19:00:00,18625000.0,12,HOURLY
미나르숲:망가진 용의 둥지,미나르숲:망가진 용의 둥지,2025-12-24,수,20,20:00,2025-12-24 20:00:00,20900000.0,13,HOURLY
미나르숲:망가진 용의 둥지,미나르숲:망가진 용의 둥지,2025-12-24,수,21,21:00,2025-12-24 21:00:00,23375000.0,10,HOURLY
미나르숲:망가진 용의 둥지,미나르숲:망가진 용의 둥지,2025-12-24,수,22,22:00,2025-12-24 22:00:00,25140151.0,10,HOURLY
미나르숲:망가진 용의 둥지,미나르숲:망가진 용의 둥지,2025-12-24,수,23,23:00,2025-12-24 23:00:00,29461538.0,15,HOURLY
미나르숲:망가진 용의 둥지,미나르숲:망가진 용의 둥지,2025-12-25,목,0,00:00,2025-12-25 00:00:00,13862724.0,10,HOURLY
미나르숲:망가진 용의 둥지,미나르숲:망가진 용의 둥지,2025-12-25,목,1,01:00,2025-12-25 01:00:00,11870573.0,6,HOURLY
미나르숲:망가진 용의 둥지,미나르숲:망가진 용의 둥지,2025-12-25,목,2,02:00,2025-12-25 02:00:00,32900000.0,11,HOURLY
미나르숲:망가진 용의 둥지,미나르숲:망가진 용의 둥지,2025-12-25,목,3,03:00,2025-12-25 03:00:00,25150200.0,11,HOURLY
미나르숲:망가진 용의 둥지,미나르숲:망가진 용의 둥지,2025-12-25,목,4,04:00,2025-12-25 04:00:00,32333332.0,10,HOURLY
미나르숲:망가진 용의 둥지,미나르숲:망가진 용의 둥지,2025-12-25,목,5,05:00,2025-12-25 05:00:00,14633556.0,10,HOURLY
미나르숲:망가진 용의 둥지,미나르숲:망가진 용의 둥지,2025-12-25,목,6,06:00,2025-12-25 06:00:00,40000000.0,1,HOURLY
미나르숲:망가진 용의 둥지,미나르숲:망가진 용의 둥지,2025-12-25,목,7,07:00,2025-12-25 07:00:00,16639320.0,8,HOURLY
미나르숲:망가진 용의 둥지,미나르숲:망가진 용의 둥지,2025-12-25,목,8,08:00,2025-12-25 08:00:00,29835166.0,6,HOURLY
미나르숲:망가진 용의 둥지,미나르숲:망가진 용의 둥지,2025-12-25,목,9,09:00,2025-12-25 09:00:00,17424712.0,5,HOURLY
미나르숲:망가진 용의 둥지,미나르숲:망가진 용의 둥지,2025-12-25,목,10,10:00,2025-12-25 10:00:00,42142857.0,9,HOURLY
미나르숲:망가진 용의 둥지,미나르숲:망가진 용의 둥지,2025-12-25,목,11,11:00,2025-12-25 11:00:00,29723544.0,10,HOURLY
미나르숲:망가진 용의 둥지,미나르숲:망가진 용의 둥지,2025-12-25,목,12,12:00,2025-12-25 12:00:00,37250000.0,6,HOURLY
미나르숲:망가진 용의 둥지,미나르숲:망가진 용의 둥지,2025-12-25,목,13,13:00,2025-12-25 13:00:00,18743302.0,7,HOURLY
미나르숲:망가진 용의 둥지,미나르숲:망가진 용의 둥지,2025-12-25,목,14,14:00,2025-12-25 14:00:00,44888888.0,10,HOURLY
미나르숲:망가진 용의 둥지,미나르숲:망가진 용의 둥지,2025-12-25,목,15,15:00,2025-12-25 15:00:00,43000000.0,9,HOURLY
미나르숲:망가진 용의 둥지,미나르숲:망가진 용의 둥지,2025-12-25,목,16,16:00,2025-12-25 16:00:00,41833333.0,7,HOURLY
미나르숲:망가진 용의 둥지,미나르숲:망가진 용의 둥지,2025-12-25,목,17,17:00,2025-12-25 17:00:00,43333333.0,8,HOURLY
미나르숲:망가진 용의 둥지,미나르숲:망가진 용의 둥지,2025-12-25,목,18,18:00,2025-12-25 18:00:00,42500000.0,4,HOURLY
미나르숲:망가진 용의 둥지,미나르숲:망가진 용의 둥지,2025-12-25,목,19,19:00,2025-12-25 19:00:00,33749999.0,8,HOURLY
미나르숲:망가진 용의 둥지,미나르숲:망가진 용의 둥지,2025-12-25,목,20,20:00,2025-12-25 20:00:00,24339506.0,18,HOURLY
미나르숲:망가진 용의 둥지,미나르숲:망가진 용의 둥지,2025-12-25,목,21,21:00,2025-12-25 21:00:00,21042602.0,12,HOURLY
미나르숲:망가진 용의 둥지,미나르숲:망가진 용의 둥지,2025-12-25,목,22,22:00,2025-12-25 22:00:00,16223052.0,11,HOURLY
미나르숲:망가진 용의 둥지,미나르숲:망가진 용의 둥지,2025-12-25,목,23,23:00,2025-12-25 23:00:00,24293121.0,12,HOURLY
미나르숲:망가진 용의 둥지,미나르숲:망가진 용의 둥지,2025-12-26,금,0,00:00,2025-12-26 00:00:00,22001234.0,9,HOURLY
미나르숲:망가진 용의 둥지,미나르숲:망가진 용의 둥지,2025-12-26,금,1,01:00,2025-12-26 01:00:00,14868079.0,17,HOURLY
미나르숲:망가진 용의 둥지,미나르숲:망가진 용의 둥지,2025-12-26,금,2,02:00,2025-12-26 02:00:00,23800000.0,6,HOURLY
미나르숲:망가진 용의 둥지,미나르숲:망가진 용의 둥지,2025-12-26,금,3,03:00,2025-12-26 03:00:00,16571572.0,7,HOURLY
미나르숲:망가진 용의 둥지,미나르숲:망가진 용의 둥지,2025-12-26,금,4,04:00,2025-12-26 04:00:00,16000423.0,5,HOURLY
미나르숲:망가진 용의 둥지,미나르숲:망가진 용의 둥지,2025-12-26,금,5,05:00,2025-12-26 05:00:00,28000000.0,1,HOURLY
미나르숲:망가진 용의 둥지,미나르숲:망가진 용의 둥지,2025-12-26,금,6,06:00,2025-12-26 06:00:00,36250000.0,7,HOURLY
미나르숲:망가진 용의 둥지,미나르숲:망가진 용의 둥지,2025-12-26,금,7,07:00,2025-12-26 07:00:00,40000000.0,5,HOURLY
미나르숲:망가진 용의 둥지,미나르숲:망가진 용의 둥지,2025-12-26,금,8,08:00,2025-12-26 08:00:00,17144688.0,7,HOURLY
미나르숲:망가진 용의 둥지,미나르숲:망가진 용의 둥지,2025-12-26,금,9,09:00,2025-12-26 09:00:00,18162845.0,13,HOURLY
미나르숲:망가진 용의 둥지,미나르숲:망가진 용의 둥지,2025-12-26,금,10,10:00,2025-12-26 10:00:00,28469135.0,6,HOURLY
미나르숲:망가진 용의 둥지,미나르숲:망가진 용의 둥지,2025-12-26,금,11,11:00,2025-12-26 11:00:00,18374889.0,3,HOURLY
미나르숲:망가진 용의 둥지,미나르숲:망가진 용의 둥지,2025-12-26,금,12,12:00,2025-12-26 12:00:00,60374999.0,11,HOURLY
미나르숲:망가진 용의 둥지,미나르숲:망가진 용의 둥지,2025-12-26,금,13,13:00,2025-12-26 13:00:00,38125250.0,8,HOURLY
미나르숲:망가진 용의 둥지,미나르숲:망가진 용의 둥지,2025-12-26,금,14,14:00,2025-12-26 14:00:00,49730158.0,8,HOURLY
미나르숲:망가진 용의 둥지,미나르숲:망가진 용의 둥지,2025-12-26,금,15,15:00,2025-12-26 15:00:00,58555555.0,10,HOURLY
미나르숲:망가진 용의 둥지,미나르숲:망가진 용의 둥지,2025-12-26,금,16,16:00,2025-12-26 16:00:00,52333333.0,7,HOURLY
미나르숲:망가진 용의 둥지,미나르숲:망가진 용의 둥지,2025-12-26,금,17,17:00,2025-12-26 17:00:00,50000000.0,5,HOURLY
미나르숲:망가진 용의 둥지,미나르숲:망가진 용의 둥지,2025-12-26,금,18,18:00,2025-12-26 18:00:00,25067064.0,9,HOURLY
미나르숲:망가진 용의 둥지,미나르숲:망가진 용의 둥지,2025-12-26,금,19,19:00,2025-12-26 19:00:00,28113888.0,9,HOURLY
미나르숲:망가진 용의 둥지,미나르숲:망가진 용의 둥지,2025-12-26,금,20,20:00,2025-12-26 20:00:00,34045747.0,11,HOURLY
미나르숲:망가진 용의 둥지,미나르숲:망가진 용의 둥지,2025-12-26,금,21,21:00,2025-12-26 21:00:00,58000000.0,2,HOURLY
미나르숲:망가진 용의 둥지,미나르숲:망가진 용의 둥지,2025-12-26,금,22,22:00,2025-12-26 22:00:00,53428571.0,10,HOURLY
미나르숲:망가진 용의 둥지,미나르숲:망가진 용의 둥지,2025-12-26,금,23,23:00,2025-12-26 23:00:00,31934573.0,9,HOURLY
미나르숲:망가진 용의 둥지,미나르숲:망가진 용의 둥지,2025-12-27,토,0,00:00,2025-12-27 00:00:00,25012433.0,10,HOURLY
미나르숲:망가진 용의 둥지,미나르숲:망가진 용의 둥지,2025-12-27,토,1,01:00,2025-12-27 01:00:00,55750000.0,7,HOURLY
미나르숲:망가진 용의 둥지,미나르숲:망가진 용의 둥지,2025-12-27,토,2,02:00,2025-12-27 02:00:00,36078189.0,3,HOURLY
미나르숲:망가진 용의 둥지,미나르숲:망가진 용의 둥지,2025-12-27,토,3,03:00,2025-12-27 03:00:00,21546657.0,11,HOURLY
미나르숲:망가진 용의 둥지,미나르숲:망가진 용의 둥지,2025-12-27,토,4,04:00,2025-12-27 04:00:00,16001667.0,9,HOURLY
미나르숲:망가진 용의 둥지,미나르숲:망가진 용의 둥지,2025-12-27,토,5,05:00,2025-12-27 05:00:00,26446031.0,7,HOURLY
미나르숲:망가진 용의 둥지,미나르숲:망가진 용의 둥지,2025-12-27,토,6,06:00,2025-12-27 06:00:00,33822222.0,5,HOURLY
미나르숲:망가진 용의 둥지,미나르숲:망가진 용의 둥지,2025-12-27,토,7,07:00,2025-12-27 07:00:00,28558558.0,4,HOURLY
미나르숲:망가진 용의 둥지,미나르숲:망가진 용의 둥지,2025-12-27,토,8,08:00,2025-12-27 08:00:00,58000000.0,7,HOURLY
미나르숲:망가진 용의 둥지,미나르숲:망가진 용의 둥지,2025-12-27,토,9,09:00,2025-12-27 09:00:00,65833333.0,8,HOURLY
미나르숲:망가진 용의 둥지,미나르숲:망가진 용의 둥지,2025-12-27,토,10,10:00,2025-12-27 10:00:00,63200000.0,7,HOURLY
미나르숲:망가진 용의 둥지,미나르숲:망가진 용의 둥지,2025-12-27,토,11,11:00,2025-12-27 11:00:00,53916851.0,6,HOURLY
미나르숲:망가진 용의 둥지,미나르숲:망가진 용의 둥지,2025-12-27,토,12,12:00,2025-12-27 12:00:00,49852018.0,6,HOURLY
미나르숲:망가진 용의 둥지,미나르숲:망가진 용의 둥지,2025-12-27,토,13,13:00,2025-12-27 13:00:00,40718741.0,15,HOURLY
미나르숲:망가진 용의 둥지,미나르숲:망가진 용의 둥지,2025-12-27,토,14,14:00,2025-12-27 14:00:00,73166666.0,6,HOURLY
미나르숲:망가진 용의 둥지,미나르숲:망가진 용의 둥지,2025-12-27,토,15,15:00,2025-12-27 15:00:00,64333333.0,4,HOURLY
미나르숲:망가진 용의 둥지,미나르숲:망가진 용의 둥지,2025-12-27,토,16,16:00,2025-12-27 16:00:00,62714285.0,7,HOURLY
미나르숲:망가진 용의 둥지,미나르숲:망가진 용의 둥지,2025-12-27,토,17,17:00,2025-12-27 17:00:00,54666666.0,7,HOURLY
미나르숲:망가진 용의 둥지,미나르숲:망가진 용의 둥지,2025-12-27,토,18,18:00,2025-12-27 18:00:00,49272727.0,14,HOURLY
미나르숲:망가진 용의 둥지,미나르숲:망가진 용의 둥지,2025-12-27,토,19,19:00,2025-12-27 19:00:00,22555925.0,10,HOURLY
미나르숲:망가진 용의 둥지,미나르숲:망가진 용의 둥지,2025-12-27,토,20,20:00,2025-12-27 20:00:00,21763903.0,8,HOURLY
미나르숲:망가진 용의 둥지,미나르숲:망가진 용의 둥지,2025-12-27,토,21,21:00,2025-12-27 21:00:00,41500000.0,7,HOURLY
미나르숲:망가진 용의 둥지,미나르숲:망가진 용의 둥지,2025-12-27,토,22,22:00,2025-12-27 22:00:00,43500000.0,10,HOURLY
미나르숲:망가진 용의 둥지,미나르숲:망가진 용의 둥지,2025-12-27,토,23,23:00,2025-12-27 23:00:00,35888888.0,10,HOURLY
미나르숲:망가진 용의 둥지,미나르숲:망가진 용의 둥지,2025-12-28,일,0,00:00,2025-12-28 00:00:00,15650544.0,10,HOURLY
미나르숲:망가진 용의 둥지,미나르숲:망가진 용의 둥지,2025-12-28,일,1,01:00,2025-12-28 01:00:00,37428571.0,12,HOURLY
미나르숲:망가진 용의 둥지,미나르숲:망가진 용의 둥지,2025-12-28,일,2,02:00,2025-12-28 02:00:00,21000246.0,6,HOURLY
미나르숲:망가진 용의 둥지,미나르숲:망가진 용의 둥지,2025-12-28,일,3,03:00,2025-12-28 03:00:00,20539331.0,13,HOURLY
미나르숲:망가진 용의 둥지,미나르숲:망가진 용의 둥지,2025-12-28,일,4,04:00,2025-12-28 04:00:00,26822333.0,10,HOURLY
미나르숲:망가진 용의 둥지,미나르숲:망가진 용의 둥지,2025-12-28,일,5,05:00,2025-12-28 05:00:00,34666666.0,4,HOURLY
미나르숲:망가진 용의 둥지,미나르숲:망가진 용의 둥지,2025-12-28,일,6,06:00,2025-12-28 06:00:00,32844444.0,6,HOURLY
미나르숲:망가진 용의 둥지,미나르숲:망가진 용의 둥지,2025-12-28,일,7,07:00,2025-12-28 07:00:00,36335000.0,6,HOURLY
미나르숲:망가진 용의 둥지,미나르숲:망가진 용의 둥지,2025-12-28,일,8,08:00,2025-12-28 08:00:00,26224444.0,5,HOURLY
미나르숲:망가진 용의 둥지,미나르숲:망가진 용의 둥지,2025-12-28,일,9,09:00,2025-12-28 09:00:00,20002976.0,9,HOURLY
미나르숲:망가진 용의 둥지,미나르숲:망가진 용의 둥지,2025-12-28,일,10,10:00,2025-12-28 10:00:00,47444444.0,12,HOURLY
미나르숲:망가진 용의 둥지,미나르숲:망가진 용의 둥지,2025-12-28,일,11,11:00,2025-12-28 11:00:00,41571428.0,8,HOURLY
미나르숲:망가진 용의 둥지,미나르숲:망가진 용의 둥지,2025-12-28,일,12,12:00,2025-12-28 12:00:00,41333333.0,3,HOURLY
미나르숲:망가진 용의 둥지,미나르숲:망가진 용의 둥지,2025-12-28,일,13,13:00,2025-12-28 13:00:00,37692307.0,15,HOURLY
미나르숲:망가진 용의 둥지,미나르숲:망가진 용의 둥지,2025-12-28,일,14,14:00,2025-12-28 14:00:00,41142857.0,10,HOURLY
미나르숲:망가진 용의 둥지,미나르숲:망가진 용의 둥지,2025-12-28,일,15,15:00,2025-12-28 15:00:00,42500000.0,11,HOURLY
미나르숲:망가진 용의 둥지,미나르숲:망가진 용의 둥지,2025-12-28,일,16,16:00,2025-12-28 16:00:00,44846153.0,14,HOURLY
미나르숲:망가진 용의 둥지,미나르숲:망가진 용의 둥지,2025-12-28,일,17,17:00,2025-12-28 17:00:00,39461538.0,15,HOURLY
미나르숲:망가진 용의 둥지,미나르숲:망가진 용의 둥지,2025-12-28,일,18,18:00,2025-12-28 18:00:00,34000000.0,11,HOURLY
미나르숲:망가진 용의 둥지,미나르숲:망가진 용의 둥지,2025-12-28,일,19,19:00,2025-12-28 19:00:00,21801111.0,10,HOURLY
미나르숲:망가진 용의 둥지,미나르숲:망가진 용의 둥지,2025-12-28,일,20,20:00,2025-12-28 20:00:00,21001111.0,11,HOURLY
미나르숲:망가진 용의 둥지,미나르숲:망가진 용의 둥지,2025-12-28,일,21,21:00,2025-12-28 21:00:00,14456913.0,10,HOURLY
미나르숲:망가진 용의 둥지,미나르숲:망가진 용의 둥지,2025-12-28,일,22,22:00,2025-12-28 22:00:00,19624999.0,15,HOURLY
미나르숲:망가진 용의 둥지,미나르숲:망가진 용의 둥지,2025-12-28,일,23,23:00,2025-12-28 23:00:00,13470031.0,20,HOURLY
미나르숲:망가진 용의 둥지,미나르숲:망가진 용의 둥지,2025-12-29,월,0,00:00,2025-12-29 00:00:00,17750000.0,19,HOURLY
미나르숲:망가진 용의 둥지,미나르숲:망가진 용의 둥지,2025-12-29,월,1,01:00,2025-12-29 01:00:00,10193362.0,15,HOURLY
미나르숲:망가진 용의 둥지,미나르숲:망가진 용의 둥지,2025-12-29,월,2,02:00,2025-12-29 02:00:00,6100112.0,13,HOURLY
미나르숲:망가진 용의 둥지,미나르숲:망가진 용의 둥지,2025-12-29,월,3,03:00,2025-12-29 03:00:00,10249999.0,10,HOURLY
미나르숲:망가진 용의 둥지,미나르숲:망가진 용의 둥지,2025-12-29,월,4,04:00,2025-12-29 04:00:00,7376416.0,8,HOURLY
미나르숲:망가진 용의 둥지,미나르숲:망가진 용의 둥지,2025-12-29,월,5,05:00,2025-12-29 05:00:00,13999999.0,8,HOURLY
미나르숲:망가진 용의 둥지,미나르숲:망가진 용의 둥지,2025-12-29,월,6,06:00,2025-12-29 06:00:00,9858746.0,7,HOURLY
미나르숲:망가진 용의 둥지,미나르숲:망가진 용의 둥지,2025-12-29,월,7,07:00,2025-12-29 07:00:00,14277777.0,4,HOURLY
미나르숲:망가진 용의 둥지,미나르숲:망가진 용의 둥지,2025-12-29,월,8,08:00,2025-12-29 08:00:00,11611566.0,10,HOURLY
미나르숲:망가진 용의 둥지,미나르숲:망가진 용의 둥지,2025-12-29,월,9,09:00,2025-12-29 09:00:00,18420912.0,17,HOURLY
미나르숲:망가진 용의 둥지,미나르숲:망가진 용의 둥지,2025-12-29,월,10,10:00,2025-12-29 10:00:00,23333333.0,19,HOURLY
미나르숲:망가진 용의 둥지,미나르숲:망가진 용의 둥지,2025-12-29,월,11,11:00,2025-12-29 11:00:00,8575273.0,7,HOURLY
미나르숲:망가진 용의 둥지,미나르숲:망가진 용의 둥지,2025-12-29,월,12,12:00,2025-12-29 12:00:00,23123456.0,11,HOURLY
미나르숲:망가진 용의 둥지,미나르숲:망가진 용의 둥지,2025-12-29,월,13,13:00,2025-12-29 13:00:00,11961812.0,13,HOURLY
미나르숲:망가진 용의 둥지,미나르숲:망가진 용의 둥지,2025-12-29,월,14,14:00,2025-12-29 14:00:00,18600000.0,13,HOURLY
미나르숲:망가진 용의 둥지,미나르숲:망가진 용의 둥지,2025-12-29,월,15,15:00,2025-12-29 15:00:00,22599999.0,15,HOURLY
미나르숲:망가진 용의 둥지,미나르숲:망가진 용의 둥지,2025-12-29,월,16,16:00,2025-12-29 16:00:00,21000000.0,10,HOURLY
미나르숲:망가진 용의 둥지,미나르숲:망가진 용의 둥지,2025-12-29,월,17,17:00,2025-12-29 17:00:00,18466666.0,16,HOURLY
미나르숲:망가진 용의 둥지,미나르숲:망가진 용의 둥지,2025-12-29,월,18,18:00,2025-12-29 18:00:00,18687499.0,10,HOURLY
미나르숲:망가진 용의 둥지,미나르숲:망가진 용의 둥지,2025-12-29,월,19,19:00,2025-12-29 19:00:00,15750000.0,5,HOURLY
미나르숲:망가진 용의 둥지,미나르숲:망가진 용의 둥지,2025-12-29,월,20,20:00,2025-12-29 20:00:00,15999999.0,15,HOURLY
미나르숲:망가진 용의 둥지,미나르숲:망가진 용의 둥지,2025-12-29,월,21,21:00,2025-12-29 21:00:00,15428571.0,9,HOURLY
미나르숲:망가진 용의 둥지,미나르숲:망가진 용의 둥지,2025-12-29,월,22,22:00,2025-12-29 22:00:00,11891304.0,25,HOURLY
미나르숲:망가진 용의 둥지,미나르숲:망가진 용의 둥지,2025-12-29,월,23,23:00,2025-12-29 23:00:00,11636363.0,12,HOURLY
미나르숲:망가진 용의 둥지,미나르숲:망가진 용의 둥지,2025-12-30,화,0,00:00,2025-12-30 00:00:00,9652173.0,25,HOURLY
미나르숲:망가진 용의 둥지,미나르숲:망가진 용의 둥지,2025-12-30,화,1,01:00,2025-12-30 01:00:00,4777777.0,20,HOURLY
미나르숲:망가진 용의 둥지,미나르숲:망가진 용의 둥지,2025-12-30,화,2,02:00,2025-12-30 02:00:00,4273529.0,20,HOURLY
미나르숲:망가진 용의 둥지,미나르숲:망가진 용의 둥지,2025-12-30,화,3,03:00,2025-12-30 03:00:00,1126922.0,16,HOURLY
미나르숲:망가진 용의 둥지,미나르숲:망가진 용의 둥지,2025-12-30,화,4,04:00,2025-12-30 04:00:00,237500.0,10,HOURLY
미나르숲:망가진 용의 둥지,미나르숲:망가진 용의 둥지,2025-12-30,화,5,05:00,2025-12-30 05:00:00,374999.0,4,HOURLY
미나르숲:망가진 용의 둥지,미나르숲:망가진 용의 둥지,2025-12-30,화,6,06:00,2025-12-30 06:00:00,300000.0,1,HOURLY
미나르숲:망가진 용의 둥지,미나르숲:망가진 용의 둥지,2025-12-30,화,7,07:00,2025-12-30 07:00:00,0.0,0,HOURLY
미나르숲:망가진 용의 둥지,미나르숲:망가진 용의 둥지,2025-12-30,화,8,08:00,2025-12-30 08:00:00,0.0,0,HOURLY
미나르숲:망가진 용의 둥지,미나르숲:망가진 용의 둥지,2025-12-30,화,9,09:00,2025-12-30 09:00:00,38333456.0,9,HOURLY
미나르숲:망가진 용의 둥지,미나르숲:망가진 용의 둥지,2025-12-30,화,10,10:00,2025-12-30 10:00:00,53333333.0,4,HOURLY
미나르숲:망가진 용의 둥지,미나르숲:망가진 용의 둥지,2025-12-30,화,11,11:00,2025-12-30 11:00:00,49833333.0,8,HOURLY
미나르숲:망가진 용의 둥지,미나르숲:망가진 용의 둥지,2025-12-30,화,12,12:00,2025-12-30 12:00:00,37000000.0,2,HOURLY
미나르숲:망가진 용의 둥지,미나르숲:망가진 용의 둥지,2025-12-30,화,13,13:00,2025-12-30 13:00:00,42499999.0,11,HOURLY
미나르숲:망가진 용의 둥지,미나르숲:망가진 용의 둥지,2025-12-30,화,14,14:00,2025-12-30 14:00:00,43444444.0,10,HOURLY
미나르숲:망가진 용의 둥지,미나르숲:망가진 용의 둥지,2025-12-30,화,15,15:00,2025-12-30 15:00:00,12999999.0,2,HOURLY
미나르숲:망가진 용의 둥지,미나르숲:망가진 용의 둥지,2025-12-30,화,16,16:00,2025-12-30 16:00:00,49666666.0,6,HOURLY
미나르숲:망가진 용의 둥지,미나르숲:망가진 용의 둥지,2025-12-30,화,17,17:00,2025-12-30 17:00:00,34001374.0,8,HOURLY
미나르숲:망가진 용의 둥지,미나르숲:망가진 용의 둥지,2025-12-30,화,18,18:00,2025-12-30 18:00:00,51125000.0,10,HOURLY
미나르숲:망가진 용의 둥지,미나르숲:망가진 용의 둥지,2025-12-30,화,19,19:00,2025-12-30 19:00:00,37909191.0,11,HOURLY
미나르숲:망가진 용의 둥지,미나르숲:망가진 용의 둥지,2025-12-30,화,20,20:00,2025-12-30 20:00:00,28142857.0,7,HOURLY
미나르숲:망가진 용의 둥지,미나르숲:망가진 용의 둥지,2025-12-30,화,21,21:00,2025-12-30 21:00:00,17453650.0,14,HOURLY
미나르숲:망가진 용의 둥지,미나르숲:망가진 용의 둥지,2025-12-30,화,22,22:00,2025-12-30 22:00:00,24400234.0,10,HOURLY
미나르숲:망가진 용의 둥지,미나르숲:망가진 용의 둥지,2025-12-30,화,23,23:00,2025-12-30 23:00:00,26214285.0,15,HOURLY
미나르숲:망가진 용의 둥지,미나르숲:망가진 용의 둥지,2025-12-31,수,0,00:00,2025-12-31 00:00:00,14763024.0,18,HOURLY
미나르숲:망가진 용의 둥지,미나르숲:망가진 용의 둥지,2025-12-31,수,1,01:00,2025-12-31 01:00:00,27087301.0,8,HOURLY
미나르숲:망가진 용의 둥지,미나르숲:망가진 용의 둥지,2025-12-31,수,2,02:00,2025-12-31 02:00:00,25545454.0,13,HOURLY
미나르숲:망가진 용의 둥지,미나르숲:망가진 용의 둥지,2025-12-31,수,3,03:00,2025-12-31 03:00:00,27375000.0,9,HOURLY
미나르숲:망가진 용의 둥지,미나르숲:망가진 용의 둥지,2025-12-31,수,4,04:00,2025-12-31 04:00:00,20666665.0,4,HOURLY
미나르숲:망가진 용의 둥지,미나르숲:망가진 용의 둥지,2025-12-31,수,5,05:00,2025-12-31 05:00:00,29272727.0,12,HOURLY
미나르숲:망가진 용의 둥지,미나르숲:망가진 용의 둥지,2025-12-31,수,6,06:00,2025-12-31 06:00:00,21800000.0,7,HOURLY
미나르숲:망가진 용의 둥지,미나르숲:망가진 용의 둥지,2025-12-31,수,7,07:00,2025-12-31 07:00:00,34400000.0,7,HOURLY
미나르숲:망가진 용의 둥지,미나르숲:망가진 용의 둥지,2025-12-31,수,8,08:00,2025-12-31 08:00:00,39714285.0,12,HOURLY
미나르숲:망가진 용의 둥지,미나르숲:망가진 용의 둥지,2025-12-31,수,9,09:00,2025-12-31 09:00:00,20989683.0,14,HOURLY
미나르숲:망가진 용의 둥지,미나르숲:망가진 용의 둥지,2025-12-31,수,10,10:00,2025-12-31 10:00:00,40142857.0,10,HOURLY
미나르숲:망가진 용의 둥지,미나르숲:망가진 용의 둥지,2025-12-31,수,11,11:00,2025-12-31 11:00:00,25639168.0,8,HOURLY
미나르숲:망가진 용의 둥지,미나르숲:망가진 용의 둥지,2025-12-31,수,12,12:00,2025-12-31 12:00:00,48076923.0,16,HOURLY
미나르숲:망가진 용의 둥지,미나르숲:망가진 용의 둥지,2025-12-31,수,13,13:00,2025-12-31 13:00:00,30000174.0,7,HOURLY
미나르숲:망가진 용의 둥지,미나르숲:망가진 용의 둥지,2025-12-31,수,14,14:00,2025-12-31 14:00:00,21499999.0,3,HOURLY
미나르숲:망가진 용의 둥지,미나르숲:망가진 용의 둥지,2025-12-31,수,15,15:00,2025-12-31 15:00:00,59999999.0,4,HOURLY
미나르숲:망가진 용의 둥지,미나르숲:망가진 용의 둥지,2025-12-31,수,16,16:00,2025-12-31 16:00:00,43444444.0,9,HOURLY
미나르숲:망가진 용의 둥지,미나르숲:망가진 용의 둥지,2025-12-31,수,17,17:00,2025-12-31 17:00:00,55222222.0,9,HOURLY
미나르숲:망가진 용의 둥지,미나르숲:망가진 용의 둥지,2025-12-31,수,18,18:00,2025-12-31 18:00:00,47750000.0,5,HOURLY
미나르숲:망가진 용의 둥지,미나르숲:망가진 용의 둥지,2025-12-31,수,19,19:00,2025-12-31 19:00:00,41999999.0,10,HOURLY
미나르숲:망가진 용의 둥지,미나르숲:망가진 용의 둥지,2025-12-31,수,20,20:00,2025-12-31 20:00:00,40666666.0,4,HOURLY
미나르숲:망가진 용의 둥지,미나르숲:망가진 용의 둥지,2025-12-31,수,21,21:00,2025-12-31 21:00:00,38625000.0,8,HOURLY
미나르숲:망가진 용의 둥지,미나르숲:망가진 용의 둥지,2025-12-31,수,22,22:00,2025-12-31 22:00:00,27666778.0,10,HOURLY
미나르숲:망가진 용의 둥지,미나르숲:망가진 용의 둥지,2025-12-31,수,23,23:00,2025-12-31 23:00:00,24430158.0,7,HOURLY
아쿠아로드:깊은 바다 협곡2,아쿠아로드:깊은 바다 협곡2,2025-12-24,수,7,07:00,2025-12-24 07:00:00,36499998.0,2,HOURLY
아쿠아로드:깊은 바다 협곡2,아쿠아로드:깊은 바다 협곡2,2025-12-24,수,8,08:00,2025-12-24 08:00:00,15702423.0,5,HOURLY
아쿠아로드:깊은 바다 협곡2,아쿠아로드:깊은 바다 협곡2,2025-12-24,수,9,09:00,2025-12-24 09:00:00,28333333.0,3,HOURLY
아쿠아로드:깊은 바다 협곡2,아쿠아로드:깊은 바다 협곡2,2025-12-24,수,10,10:00,2025-12-24 10:00:00,24500000.0,5,HOURLY
아쿠아로드:깊은 바다 협곡2,아쿠아로드:깊은 바다 협곡2,2025-12-24,수,11,11:00,2025-12-24 11:00:00,388703703.0,3,HOURLY
아쿠아로드:깊은 바다 협곡2,아쿠아로드:깊은 바다 협곡2,2025-12-24,수,12,12:00,2025-12-24 12:00:00,37666666.0,3,HOURLY
아쿠아로드:깊은 바다 협곡2,아쿠아로드:깊은 바다 협곡2,2025-12-24,수,13,13:00,2025-12-24 13:00:00,34746031.0,7,HOURLY
아쿠아로드:깊은 바다 협곡2,아쿠아로드:깊은 바다 협곡2,2025-12-24,수,14,14:00,2025-12-24 14:00:00,30666666.0,4,HOURLY
아쿠아로드:깊은 바다 협곡2,아쿠아로드:깊은 바다 협곡2,2025-12-24,수,15,15:00,2025-12-24 15:00:00,20037036.0,3,HOURLY
아쿠아로드:깊은 바다 협곡2,아쿠아로드:깊은 바다 협곡2,2025-12-24,수,16,16:00,2025-12-24 16:00:00,42505555.0,2,HOURLY
아쿠아로드:깊은 바다 협곡2,아쿠아로드:깊은 바다 협곡2,2025-12-24,수,17,17:00,2025-12-24 17:00:00,6305555.0,2,HOURLY
아쿠아로드:깊은 바다 협곡2,아쿠아로드:깊은 바다 협곡2,2025-12-24,수,18,18:00,2025-12-24 18:00:00,8305555.0,5,HOURLY
아쿠아로드:깊은 바다 협곡2,아쿠아로드:깊은 바다 협곡2,2025-12-24,수,19,19:00,2025-12-24 19:00:00,36666851.0,6,HOURLY
아쿠아로드:깊은 바다 협곡2,아쿠아로드:깊은 바다 협곡2,2025-12-24,수,20,20:00,2025-12-24 20:00:00,41667001.0,3,HOURLY
아쿠아로드:깊은 바다 협곡2,아쿠아로드:깊은 바다 협곡2,2025-12-24,수,21,21:00,2025-12-24 21:00:00,30000000.0,2,HOURLY
아쿠아로드:깊은 바다 협곡2,아쿠아로드:깊은 바다 협곡2,2025-12-24,수,22,22:00,2025-12-24 22:00:00,23999999.0,5,HOURLY
아쿠아로드:깊은 바다 협곡2,아쿠아로드:깊은 바다 협곡2,2025-12-24,수,23,23:00,2025-12-24 23:00:00,24999999.0,5,HOURLY
아쿠아로드:깊은 바다 협곡2,아쿠아로드:깊은 바다 협곡2,2025-12-25,목,0,00:00,2025-12-25 00:00:00,24000000.0,5,HOURLY
아쿠아로드:깊은 바다 협곡2,아쿠아로드:깊은 바다 협곡2,2025-12-25,목,1,01:00,2025-12-25 01:00:00,14580022.0,6,HOURLY
아쿠아로드:깊은 바다 협곡2,아쿠아로드:깊은 바다 협곡2,2025-12-25,목,2,02:00,2025-12-25 02:00:00,20000000.0,1,HOURLY
아쿠아로드:깊은 바다 협곡2,아쿠아로드:깊은 바다 협곡2,2025-12-25,목,3,03:00,2025-12-25 03:00:00,27500000.0,2,HOURLY
아쿠아로드:깊은 바다 협곡2,아쿠아로드:깊은 바다 협곡2,2025-12-25,목,4,04:00,2025-12-25 04:00:00,23000000.0,4,HOURLY
아쿠아로드:깊은 바다 협곡2,아쿠아로드:깊은 바다 협곡2,2025-12-25,목,5,05:00,2025-12-25 05:00:00,4999999.0,1,HOURLY
아쿠아로드:깊은 바다 협곡2,아쿠아로드:깊은 바다 협곡2,2025-12-25,목,6,06:00,2025-12-25 06:00:00,23333333.0,3,HOURLY
아쿠아로드:깊은 바다 협곡2,아쿠아로드:깊은 바다 협곡2,2025-12-25,목,7,07:00,2025-12-25 07:00:00,17000000.0,4,HOURLY
아쿠아로드:깊은 바다 협곡2,아쿠아로드:깊은 바다 협곡2,2025-12-25,목,8,08:00,2025-12-25 08:00:00,33333333.0,7,HOURLY
아쿠아로드:깊은 바다 협곡2,아쿠아로드:깊은 바다 협곡2,2025-12-25,목,9,09:00,2025-12-25 09:00:00,30000000.0,4,HOURLY
아쿠아로드:깊은 바다 협곡2,아쿠아로드:깊은 바다 협곡2,2025-12-25,목,10,10:00,2025-12-25 10:00:00,74408.0,3,HOURLY
아쿠아로드:깊은 바다 협곡2,아쿠아로드:깊은 바다 협곡2,2025-12-25,목,11,11:00,2025-12-25 11:00:00,40000000.0,3,HOURLY
아쿠아로드:깊은 바다 협곡2,아쿠아로드:깊은 바다 협곡2,2025-12-25,목,12,12:00,2025-12-25 12:00:00,37000000.0,1,HOURLY
아쿠아로드:깊은 바다 협곡2,아쿠아로드:깊은 바다 협곡2,2025-12-25,목,13,13:00,2025-12-25 13:00:00,64250000.0,4,HOURLY
아쿠아로드:깊은 바다 협곡2,아쿠아로드:깊은 바다 협곡2,2025-12-25,목,14,14:00,2025-12-25 14:00:00,52500000.0,2,HOURLY
아쿠아로드:깊은 바다 협곡2,아쿠아로드:깊은 바다 협곡2,2025-12-25,목,15,15:00,2025-12-25 15:00:00,1234567.0,1,HOURLY
아쿠아로드:깊은 바다 협곡2,아쿠아로드:깊은 바다 협곡2,2025-12-25,목,16,16:00,2025-12-25 16:00:00,62333333.0,3,HOURLY
아쿠아로드:깊은 바다 협곡2,아쿠아로드:깊은 바다 협곡2,2025-12-25,목,17,17:00,2025-12-25 17:00:00,23037037.0,3,HOURLY
아쿠아로드:깊은 바다 협곡2,아쿠아로드:깊은 바다 협곡2,2025-12-25,목,18,18:00,2025-12-25 18:00:00,48811111.0,10,HOURLY
아쿠아로드:깊은 바다 협곡2,아쿠아로드:깊은 바다 협곡2,2025-12-25,목,19,19:00,2025-12-25 19:00:00,32666666.0,4,HOURLY
아쿠아로드:깊은 바다 협곡2,아쿠아로드:깊은 바다 협곡2,2025-12-25,목,20,20:00,2025-12-25 20:00:00,16000000.0,2,HOURLY
아쿠아로드:깊은 바다 협곡2,아쿠아로드:깊은 바다 협곡2,2025-12-25,목,21,21:00,2025-12-25 21:00:00,39500000.0,4,HOURLY
아쿠아로드:깊은 바다 협곡2,아쿠아로드:깊은 바다 협곡2,2025-12-25,목,22,22:00,2025-12-25 22:00:00,35000000.0,4,HOURLY
아쿠아로드:깊은 바다 협곡2,아쿠아로드:깊은 바다 협곡2,2025-12-25,목,23,23:00,2025-12-25 23:00:00,22999999.0,7,HOURLY
아쿠아로드:깊은 바다 협곡2,아쿠아로드:깊은 바다 협곡2,2025-12-26,금,0,00:00,2025-12-26 00:00:00,19000000.0,4,HOURLY
아쿠아로드:깊은 바다 협곡2,아쿠아로드:깊은 바다 협곡2,2025-12-26,금,1,01:00,2025-12-26 01:00:00,10600244.0,5,HOURLY
아쿠아로드:깊은 바다 협곡2,아쿠아로드:깊은 바다 협곡2,2025-12-26,금,2,02:00,2025-12-26 02:00:00,17666666.0,4,HOURLY
아쿠아로드:깊은 바다 협곡2,아쿠아로드:깊은 바다 협곡2,2025-12-26,금,3,03:00,2025-12-26 03:00:00,123123.0,1,HOURLY
아쿠아로드:깊은 바다 협곡2,아쿠아로드:깊은 바다 협곡2,2025-12-26,금,4,04:00,2025-12-26 04:00:00,20000617.0,2,HOURLY
아쿠아로드:깊은 바다 협곡2,아쿠아로드:깊은 바다 협곡2,2025-12-26,금,5,05:00,2025-12-26 05:00:00,11111111.0,1,HOURLY
아쿠아로드:깊은 바다 협곡2,아쿠아로드:깊은 바다 협곡2,2025-12-26,금,6,06:00,2025-12-26 06:00:00,51000000.0,3,HOURLY
아쿠아로드:깊은 바다 협곡2,아쿠아로드:깊은 바다 협곡2,2025-12-26,금,7,07:00,2025-12-26 07:00:00,2370740.0,4,HOURLY
아쿠아로드:깊은 바다 협곡2,아쿠아로드:깊은 바다 협곡2,2025-12-26,금,8,08:00,2025-12-26 08:00:00,43000000.0,1,HOURLY
아쿠아로드:깊은 바다 협곡2,아쿠아로드:깊은 바다 협곡2,2025-12-26,금,9,09:00,2025-12-26 09:00:00,31666666.0,3,HOURLY
아쿠아로드:깊은 바다 협곡2,아쿠아로드:깊은 바다 협곡2,2025-12-26,금,10,10:00,2025-12-26 10:00:00,37333333.0,5,HOURLY
아쿠아로드:깊은 바다 협곡2,아쿠아로드:깊은 바다 협곡2,2025-12-26,금,11,11:00,2025-12-26 11:00:00,40500000.0,2,HOURLY
아쿠아로드:깊은 바다 협곡2,아쿠아로드:깊은 바다 협곡2,2025-12-26,금,12,12:00,2025-12-26 12:00:00,0.0,0,HOURLY
아쿠아로드:깊은 바다 협곡2,아쿠아로드:깊은 바다 협곡2,2025-12-26,금,13,13:00,2025-12-26 13:00:00,0.0,0,HOURLY
아쿠아로드:깊은 바다 협곡2,아쿠아로드:깊은 바다 협곡2,2025-12-26,금,14,14:00,2025-12-26 14:00:00,11111.0,1,HOURLY
아쿠아로드:깊은 바다 협곡2,아쿠아로드:깊은 바다 협곡2,2025-12-26,금,15,15:00,2025-12-26 15:00:00,1040740.0,3,HOURLY
아쿠아로드:깊은 바다 협곡2,아쿠아로드:깊은 바다 협곡2,2025-12-26,금,16,16:00,2025-12-26 16:00:00,1111.0,1,HOURLY
아쿠아로드:깊은 바다 협곡2,아쿠아로드:깊은 바다 협곡2,2025-12-26,금,17,17:00,2025-12-26 17:00:00,16203703.0,3,HOURLY
아쿠아로드:깊은 바다 협곡2,아쿠아로드:깊은 바다 협곡2,2025-12-26,금,18,18:00,2025-12-26 18:00:00,0.0,0,HOURLY
아쿠아로드:깊은 바다 협곡2,아쿠아로드:깊은 바다 협곡2,2025-12-26,금,19,19:00,2025-12-26 19:00:00,54000000.0,3,HOURLY
아쿠아로드:깊은 바다 협곡2,아쿠아로드:깊은 바다 협곡2,2025-12-26,금,20,20:00,2025-12-26 20:00:00,68833333.0,8,HOURLY
아쿠아로드:깊은 바다 협곡2,아쿠아로드:깊은 바다 협곡2,2025-12-26,금,21,21:00,2025-12-26 21:00:00,67600000.0,6,HOURLY
아쿠아로드:깊은 바다 협곡2,아쿠아로드:깊은 바다 협곡2,2025-12-26,금,22,22:00,2025-12-26 22:00:00,0.0,0,HOURLY
아쿠아로드:깊은 바다 협곡2,아쿠아로드:깊은 바다 협곡2,2025-12-26,금,23,23:00,2025-12-26 23:00:00,71500000.0,2,HOURLY
아쿠아로드:깊은 바다 협곡2,아쿠아로드:깊은 바다 협곡2,2025-12-27,토,0,00:00,2025-12-27 00:00:00,20499999.0,2,HOURLY
아쿠아로드:깊은 바다 협곡2,아쿠아로드:깊은 바다 협곡2,2025-12-27,토,1,01:00,2025-12-27 01:00:00,312005.0,5,HOURLY
아쿠아로드:깊은 바다 협곡2,아쿠아로드:깊은 바다 협곡2,2025-12-27,토,2,02:00,2025-12-27 02:00:00,19055555.0,2,HOURLY
아쿠아로드:깊은 바다 협곡2,아쿠아로드:깊은 바다 협곡2,2025-12-27,토,3,03:00,2025-12-27 03:00:00,20055833.0,4,HOURLY
아쿠아로드:깊은 바다 협곡2,아쿠아로드:깊은 바다 협곡2,2025-12-27,토,4,04:00,2025-12-27 04:00:00,29000044.0,5,HOURLY
아쿠아로드:깊은 바다 협곡2,아쿠아로드:깊은 바다 협곡2,2025-12-27,토,5,05:00,2025-12-27 05:00:00,36666666.0,5,HOURLY
아쿠아로드:깊은 바다 협곡2,아쿠아로드:깊은 바다 협곡2,2025-12-27,토,6,06:00,2025-12-27 06:00:00,474820.0,3,HOURLY
아쿠아로드:깊은 바다 협곡2,아쿠아로드:깊은 바다 협곡2,2025-12-27,토,7,07:00,2025-12-27 07:00:00,2505555.0,2,HOURLY
아쿠아로드:깊은 바다 협곡2,아쿠아로드:깊은 바다 협곡2,2025-12-27,토,8,08:00,2025-12-27 08:00:00,4111111.0,3,HOURLY
아쿠아로드:깊은 바다 협곡2,아쿠아로드:깊은 바다 협곡2,2025-12-27,토,9,09:00,2025-12-27 09:00:00,0.0,0,HOURLY
아쿠아로드:깊은 바다 협곡2,아쿠아로드:깊은 바다 협곡2,2025-12-27,토,10,10:00,2025-12-27 10:00:00,45333333.0,3,HOURLY
아쿠아로드:깊은 바다 협곡2,아쿠아로드:깊은 바다 협곡2,2025-12-27,토,11,11:00,2025-12-27 11:00:00,48335925.0,3,HOURLY
아쿠아로드:깊은 바다 협곡2,아쿠아로드:깊은 바다 협곡2,2025-12-27,토,12,12:00,2025-12-27 12:00:00,33337036.0,3,HOURLY
아쿠아로드:깊은 바다 협곡2,아쿠아로드:깊은 바다 협곡2,2025-12-27,토,13,13:00,2025-12-27 13:00:00,51822444.0,5,HOURLY
아쿠아로드:깊은 바다 협곡2,아쿠아로드:깊은 바다 협곡2,2025-12-27,토,14,14:00,2025-12-27 14:00:00,63333333.0,4,HOURLY
아쿠아로드:깊은 바다 협곡2,아쿠아로드:깊은 바다 협곡2,2025-12-27,토,15,15:00,2025-12-27 15:00:00,55000000.0,4,HOURLY
아쿠아로드:깊은 바다 협곡2,아쿠아로드:깊은 바다 협곡2,2025-12-27,토,16,16:00,2025-12-27 16:00:00,25500200.0,5,HOURLY
아쿠아로드:깊은 바다 협곡2,아쿠아로드:깊은 바다 협곡2,2025-12-27,토,17,17:00,2025-12-27 17:00:00,50000000.0,1,HOURLY
아쿠아로드:깊은 바다 협곡2,아쿠아로드:깊은 바다 협곡2,2025-12-27,토,18,18:00,2025-12-27 18:00:00,1462962.0,4,HOURLY
아쿠아로드:깊은 바다 협곡2,아쿠아로드:깊은 바다 협곡2,2025-12-27,토,19,19:00,2025-12-27 19:00:00,29817460.0,7,HOURLY
아쿠아로드:깊은 바다 협곡2,아쿠아로드:깊은 바다 협곡2,2025-12-27,토,20,20:00,2025-12-27 20:00:00,100000000.0,2,HOURLY
아쿠아로드:깊은 바다 협곡2,아쿠아로드:깊은 바다 협곡2,2025-12-27,토,21,21:00,2025-12-27 21:00:00,24870555.0,6,HOURLY
아쿠아로드:깊은 바다 협곡2,아쿠아로드:깊은 바다 협곡2,2025-12-27,토,22,22:00,2025-12-27 22:00:00,47499999.0,4,HOURLY
아쿠아로드:깊은 바다 협곡2,아쿠아로드:깊은 바다 협곡2,2025-12-27,토,23,23:00,2025-12-27 23:00:00,15600489.0,5,HOURLY
아쿠아로드:깊은 바다 협곡2,아쿠아로드:깊은 바다 협곡2,2025-12-28,일,0,00:00,2025-12-28 00:00:00,27333370.0,3,HOURLY
아쿠아로드:깊은 바다 협곡2,아쿠아로드:깊은 바다 협곡2,2025-12-28,일,1,01:00,2025-12-28 01:00:00,22022222.0,6,HOURLY
아쿠아로드:깊은 바다 협곡2,아쿠아로드:깊은 바다 협곡2,2025-12-28,일,2,02:00,2025-12-28 02:00:00,24000055.0,2,HOURLY
아쿠아로드:깊은 바다 협곡2,아쿠아로드:깊은 바다 협곡2,2025-12-28,일,3,03:00,2025-12-28 03:00:00,0.0,0,HOURLY
아쿠아로드:깊은 바다 협곡2,아쿠아로드:깊은 바다 협곡2,2025-12-28,일,4,04:00,2025-12-28 04:00:00,12685572.0,6,HOURLY
아쿠아로드:깊은 바다 협곡2,아쿠아로드:깊은 바다 협곡2,2025-12-28,일,5,05:00,2025-12-28 05:00:00,14250308.0,4,HOURLY
아쿠아로드:깊은 바다 협곡2,아쿠아로드:깊은 바다 협곡2,2025-12-28,일,6,06:00,2025-12-28 06:00:00,5611111.0,2,HOURLY
아쿠아로드:깊은 바다 협곡2,아쿠아로드:깊은 바다 협곡2,2025-12-28,일,7,07:00,2025-12-28 07:00:00,17555555.0,2,HOURLY
아쿠아로드:깊은 바다 협곡2,아쿠아로드:깊은 바다 협곡2,2025-12-28,일,8,08:00,2025-12-28 08:00:00,11241515.0,1,HOURLY
아쿠아로드:깊은 바다 협곡2,아쿠아로드:깊은 바다 협곡2,2025-12-28,일,9,09:00,2025-12-28 09:00:00,21253028.0,4,HOURLY
아쿠아로드:깊은 바다 협곡2,아쿠아로드:깊은 바다 협곡2,2025-12-28,일,10,10:00,2025-12-28 10:00:00,42500000.0,4,HOURLY
아쿠아로드:깊은 바다 협곡2,아쿠아로드:깊은 바다 협곡2,2025-12-28,일,11,11:00,2025-12-28 11:00:00,45000000.0,1,HOURLY
아쿠아로드:깊은 바다 협곡2,아쿠아로드:깊은 바다 협곡2,2025-12-28,일,12,12:00,2025-12-28 12:00:00,15928518.0,3,HOURLY
아쿠아로드:깊은 바다 협곡2,아쿠아로드:깊은 바다 협곡2,2025-12-28,일,13,13:00,2025-12-28 13:00:00,35000000.0,4,HOURLY
아쿠아로드:깊은 바다 협곡2,아쿠아로드:깊은 바다 협곡2,2025-12-28,일,14,14:00,2025-12-28 14:00:00,26666666.0,3,HOURLY
아쿠아로드:깊은 바다 협곡2,아쿠아로드:깊은 바다 협곡2,2025-12-28,일,15,15:00,2025-12-28 15:00:00,45000000.0,1,HOURLY
아쿠아로드:깊은 바다 협곡2,아쿠아로드:깊은 바다 협곡2,2025-12-28,일,16,16:00,2025-12-28 16:00:00,45000000.0,3,HOURLY
아쿠아로드:깊은 바다 협곡2,아쿠아로드:깊은 바다 협곡2,2025-12-28,일,17,17:00,2025-12-28 17:00:00,42500000.0,6,HOURLY
아쿠아로드:깊은 바다 협곡2,아쿠아로드:깊은 바다 협곡2,2025-12-28,일,18,18:00,2025-12-28 18:00:00,31666666.0,4,HOURLY
아쿠아로드:깊은 바다 협곡2,아쿠아로드:깊은 바다 협곡2,2025-12-28,일,19,19:00,2025-12-28 19:00:00,35000000.0,4,HOURLY
아쿠아로드:깊은 바다 협곡2,아쿠아로드:깊은 바다 협곡2,2025-12-28,일,20,20:00,2025-12-28 20:00:00,18750000.0,2,HOURLY
아쿠아로드:깊은 바다 협곡2,아쿠아로드:깊은 바다 협곡2,2025-12-28,일,21,21:00,2025-12-28 21:00:00,2411111.0,4,HOURLY
아쿠아로드:깊은 바다 협곡2,아쿠아로드:깊은 바다 협곡2,2025-12-28,일,22,22:00,2025-12-28 22:00:00,16000370.0,3,HOURLY
아쿠아로드:깊은 바다 협곡2,아쿠아로드:깊은 바다 협곡2,2025-12-28,일,23,23:00,2025-12-28 23:00:00,7000335.0,8,HOURLY
아쿠아로드:깊은 바다 협곡2,아쿠아로드:깊은 바다 협곡2,2025-12-29,월,0,00:00,2025-12-29 00:00:00,8055555.0,2,HOURLY
아쿠아로드:깊은 바다 협곡2,아쿠아로드:깊은 바다 협곡2,2025-12-29,월,1,01:00,2025-12-29 01:00:00,14430287.0,8,HOURLY
아쿠아로드:깊은 바다 협곡2,아쿠아로드:깊은 바다 협곡2,2025-12-29,월,2,02:00,2025-12-29 02:00:00,61111.0,2,HOURLY
아쿠아로드:깊은 바다 협곡2,아쿠아로드:깊은 바다 협곡2,2025-12-29,월,3,03:00,2025-12-29 03:00:00,22857142.0,7,HOURLY
아쿠아로드:깊은 바다 협곡2,아쿠아로드:깊은 바다 협곡2,2025-12-29,월,4,04:00,2025-12-29 04:00:00,10814814.0,6,HOURLY
아쿠아로드:깊은 바다 협곡2,아쿠아로드:깊은 바다 협곡2,2025-12-29,월,5,05:00,2025-12-29 05:00:00,6370370.0,3,HOURLY
아쿠아로드:깊은 바다 협곡2,아쿠아로드:깊은 바다 협곡2,2025-12-29,월,6,06:00,2025-12-29 06:00:00,12000000.0,1,HOURLY
아쿠아로드:깊은 바다 협곡2,아쿠아로드:깊은 바다 협곡2,2025-12-29,월,7,07:00,2025-12-29 07:00:00,11249999.0,5,HOURLY
아쿠아로드:깊은 바다 협곡2,아쿠아로드:깊은 바다 협곡2,2025-12-29,월,8,08:00,2025-12-29 08:00:00,12022422.0,5,HOURLY
아쿠아로드:깊은 바다 협곡2,아쿠아로드:깊은 바다 협곡2,2025-12-29,월,9,09:00,2025-12-29 09:00:00,16000000.0,3,HOURLY
아쿠아로드:깊은 바다 협곡2,아쿠아로드:깊은 바다 협곡2,2025-12-29,월,10,10:00,2025-12-29 10:00:00,15000000.0,1,HOURLY
아쿠아로드:깊은 바다 협곡2,아쿠아로드:깊은 바다 협곡2,2025-12-29,월,11,11:00,2025-12-29 11:00:00,22500000.0,5,HOURLY
아쿠아로드:깊은 바다 협곡2,아쿠아로드:깊은 바다 협곡2,2025-12-29,월,12,12:00,2025-12-29 12:00:00,22333333.0,4,HOURLY
아쿠아로드:깊은 바다 협곡2,아쿠아로드:깊은 바다 협곡2,2025-12-29,월,13,13:00,2025-12-29 13:00:00,17833333.0,3,HOURLY
아쿠아로드:깊은 바다 협곡2,아쿠아로드:깊은 바다 협곡2,2025-12-29,월,14,14:00,2025-12-29 14:00:00,5004115.0,3,HOURLY
아쿠아로드:깊은 바다 협곡2,아쿠아로드:깊은 바다 협곡2,2025-12-29,월,15,15:00,2025-12-29 15:00:00,15200222.0,5,HOURLY
아쿠아로드:깊은 바다 협곡2,아쿠아로드:깊은 바다 협곡2,2025-12-29,월,16,16:00,2025-12-29 16:00:00,13853535.0,6,HOURLY
아쿠아로드:깊은 바다 협곡2,아쿠아로드:깊은 바다 협곡2,2025-12-29,월,17,17:00,2025-12-29 17:00:00,24000000.0,3,HOURLY
아쿠아로드:깊은 바다 협곡2,아쿠아로드:깊은 바다 협곡2,2025-12-29,월,18,18:00,2025-12-29 18:00:00,10302222.0,5,HOURLY
아쿠아로드:깊은 바다 협곡2,아쿠아로드:깊은 바다 협곡2,2025-12-29,월,19,19:00,2025-12-29 19:00:00,23750000.0,4,HOURLY
아쿠아로드:깊은 바다 협곡2,아쿠아로드:깊은 바다 협곡2,2025-12-29,월,20,20:00,2025-12-29 20:00:00,14250000.0,5,HOURLY
아쿠아로드:깊은 바다 협곡2,아쿠아로드:깊은 바다 협곡2,2025-12-29,월,21,21:00,2025-12-29 21:00:00,12166666.0,7,HOURLY
아쿠아로드:깊은 바다 협곡2,아쿠아로드:깊은 바다 협곡2,2025-12-29,월,22,22:00,2025-12-29 22:00:00,13888888.0,10,HOURLY
아쿠아로드:깊은 바다 협곡2,아쿠아로드:깊은 바다 협곡2,2025-12-29,월,23,23:00,2025-12-29 23:00:00,8250000.0,7,HOURLY
아쿠아로드:깊은 바다 협곡2,아쿠아로드:깊은 바다 협곡2,2025-12-30,화,0,00:00,2025-12-30 00:00:00,4090909.0,13,HOURLY
아쿠아로드:깊은 바다 협곡2,아쿠아로드:깊은 바다 협곡2,2025-12-30,화,1,01:00,2025-12-30 01:00:00,4499999.0,7,HOURLY
아쿠아로드:깊은 바다 협곡2,아쿠아로드:깊은 바다 협곡2,2025-12-30,화,2,02:00,2025-12-30 02:00:00,802222.0,6,HOURLY
아쿠아로드:깊은 바다 협곡2,아쿠아로드:깊은 바다 협곡2,2025-12-30,화,3,03:00,2025-12-30 03:00:00,533333.0,8,HOURLY
아쿠아로드:깊은 바다 협곡2,아쿠아로드:깊은 바다 협곡2,2025-12-30,화,4,04:00,2025-12-30 04:00:00,340000.0,5,HOURLY
아쿠아로드:깊은 바다 협곡2,아쿠아로드:깊은 바다 협곡2,2025-12-30,화,5,05:00,2025-12-30 05:00:00,0.0,0,HOURLY
아쿠아로드:깊은 바다 협곡2,아쿠아로드:깊은 바다 협곡2,2025-12-30,화,6,06:00,2025-12-30 06:00:00,500000.0,1,HOURLY
아쿠아로드:깊은 바다 협곡2,아쿠아로드:깊은 바다 협곡2,2025-12-30,화,7,07:00,2025-12-30 07:00:00,0.0,0,HOURLY
아쿠아로드:깊은 바다 협곡2,아쿠아로드:깊은 바다 협곡2,2025-12-30,화,8,08:00,2025-12-30 08:00:00,999999.0,1,HOURLY
아쿠아로드:깊은 바다 협곡2,아쿠아로드:깊은 바다 협곡2,2025-12-30,화,9,09:00,2025-12-30 09:00:00,70000000.0,1,HOURLY
아쿠아로드:깊은 바다 협곡2,아쿠아로드:깊은 바다 협곡2,2025-12-30,화,10,10:00,2025-12-30 10:00:00,0.0,0,HOURLY
아쿠아로드:깊은 바다 협곡2,아쿠아로드:깊은 바다 협곡2,2025-12-30,화,11,11:00,2025-12-30 11:00:00,45000000.0,1,HOURLY
아쿠아로드:깊은 바다 협곡2,아쿠아로드:깊은 바다 협곡2,2025-12-30,화,12,12:00,2025-12-30 12:00:00,20499999.0,2,HOURLY
아쿠아로드:깊은 바다 협곡2,아쿠아로드:깊은 바다 협곡2,2025-12-30,화,13,13:00,2025-12-30 13:00:00,62500000.0,2,HOURLY
아쿠아로드:깊은 바다 협곡2,아쿠아로드:깊은 바다 협곡2,2025-12-30,화,14,14:00,2025-12-30 14:00:00,34370370.0,3,HOURLY
아쿠아로드:깊은 바다 협곡2,아쿠아로드:깊은 바다 협곡2,2025-12-30,화,15,15:00,2025-12-30 15:00:00,30666666.0,5,HOURLY
아쿠아로드:깊은 바다 협곡2,아쿠아로드:깊은 바다 협곡2,2025-12-30,화,16,16:00,2025-12-30 16:00:00,34000259.0,3,HOURLY
아쿠아로드:깊은 바다 협곡2,아쿠아로드:깊은 바다 협곡2,2025-12-30,화,17,17:00,2025-12-30 17:00:00,13340740.0,3,HOURLY
아쿠아로드:깊은 바다 협곡2,아쿠아로드:깊은 바다 협곡2,2025-12-30,화,18,18:00,2025-12-30 18:00:00,2250000.0,2,HOURLY
아쿠아로드:깊은 바다 협곡2,아쿠아로드:깊은 바다 협곡2,2025-12-30,화,19,19:00,2025-12-30 19:00:00,58750000.0,4,HOURLY
아쿠아로드:깊은 바다 협곡2,아쿠아로드:깊은 바다 협곡2,2025-12-30,화,20,20:00,2025-12-30 20:00:00,15280555.0,4,HOURLY
아쿠아로드:깊은 바다 협곡2,아쿠아로드:깊은 바다 협곡2,2025-12-30,화,21,21:00,2025-12-30 21:00:00,26833333.0,9,HOURLY
아쿠아로드:깊은 바다 협곡2,아쿠아로드:깊은 바다 협곡2,2025-12-30,화,22,22:00,2025-12-30 22:00:00,20000000.0,2,HOURLY
아쿠아로드:깊은 바다 협곡2,아쿠아로드:깊은 바다 협곡2,2025-12-30,화,23,23:00,2025-12-30 23:00:00,8378085.0,4,HOURLY
아쿠아로드:깊은 바다 협곡2,아쿠아로드:깊은 바다 협곡2,2025-12-31,수,0,00:00,2025-12-31 00:00:00,15402244.0,5,HOURLY
아쿠아로드:깊은 바다 협곡2,아쿠아로드:깊은 바다 협곡2,2025-12-31,수,1,01:00,2025-12-31 01:00:00,9333370.0,3,HOURLY
아쿠아로드:깊은 바다 협곡2,아쿠아로드:깊은 바다 협곡2,2025-12-31,수,2,02:00,2025-12-31 02:00:00,12500000.0,2,HOURLY
아쿠아로드:깊은 바다 협곡2,아쿠아로드:깊은 바다 협곡2,2025-12-31,수,3,03:00,2025-12-31 03:00:00,14666666.0,3,HOURLY
아쿠아로드:깊은 바다 협곡2,아쿠아로드:깊은 바다 협곡2,2025-12-31,수,4,04:00,2025-12-31 04:00:00,2825135.0,5,HOURLY
아쿠아로드:깊은 바다 협곡2,아쿠아로드:깊은 바다 협곡2,2025-12-31,수,5,05:00,2025-12-31 05:00:00,6337036.0,3,HOURLY
아쿠아로드:깊은 바다 협곡2,아쿠아로드:깊은 바다 협곡2,2025-12-31,수,6,06:00,2025-12-31 06:00:00,8074074.0,3,HOURLY
아쿠아로드:깊은 바다 협곡2,아쿠아로드:깊은 바다 협곡2,2025-12-31,수,7,07:00,2025-12-31 07:00:00,14000000.0,1,HOURLY
아쿠아로드:깊은 바다 협곡2,아쿠아로드:깊은 바다 협곡2,2025-12-31,수,8,08:00,2025-12-31 08:00:00,5556111.0,2,HOURLY
아쿠아로드:깊은 바다 협곡2,아쿠아로드:깊은 바다 협곡2,2025-12-31,수,9,09:00,2025-12-31 09:00:00,20000000.0,3,HOURLY
아쿠아로드:깊은 바다 협곡2,아쿠아로드:깊은 바다 협곡2,2025-12-31,수,10,10:00,2025-12-31 10:00:00,7500555.0,2,HOURLY
아쿠아로드:깊은 바다 협곡2,아쿠아로드:깊은 바다 협곡2,2025-12-31,수,11,11:00,2025-12-31 11:00:00,24400000.0,7,HOURLY
아쿠아로드:깊은 바다 협곡2,아쿠아로드:깊은 바다 협곡2,2025-12-31,수,12,12:00,2025-12-31 12:00:00,30111111.0,3,HOURLY
아쿠아로드:깊은 바다 협곡2,아쿠아로드:깊은 바다 협곡2,2025-12-31,수,13,13:00,2025-12-31 13:00:00,25000000.0,5,HOURLY
아쿠아로드:깊은 바다 협곡2,아쿠아로드:깊은 바다 협곡2,2025-12-31,수,14,14:00,2025-12-31 14:00:00,23333333.0,4,HOURLY
아쿠아로드:깊은 바다 협곡2,아쿠아로드:깊은 바다 협곡2,2025-12-31,수,15,15:00,2025-12-31 15:00:00,2000000.0,1,HOURLY
아쿠아로드:깊은 바다 협곡2,아쿠아로드:깊은 바다 협곡2,2025-12-31,수,16,16:00,2025-12-31 16:00:00,25000000.0,4,HOURLY
아쿠아로드:깊은 바다 협곡2,아쿠아로드:깊은 바다 협곡2,2025-12-31,수,17,17:00,2025-12-31 17:00:00,111111.0,1,HOURLY
아쿠아로드:깊은 바다 협곡2,아쿠아로드:깊은 바다 협곡2,2025-12-31,수,18,18:00,2025-12-31 18:00:00,32000000.0,4,HOURLY
아쿠아로드:깊은 바다 협곡2,아쿠아로드:깊은 바다 협곡2,2025-12-31,수,19,19:00,2025-12-31 19:00:00,31500000.0,5,HOURLY
아쿠아로드:깊은 바다 협곡2,아쿠아로드:깊은 바다 협곡2,2025-12-31,수,20,20:00,2025-12-31 20:00:00,27000000.0,3,HOURLY
아쿠아로드:깊은 바다 협곡2,아쿠아로드:깊은 바다 협곡2,2025-12-31,수,21,21:00,2025-12-31 21:00:00,13252777.0,4,HOURLY
아쿠아로드:깊은 바다 협곡2,아쿠아로드:깊은 바다 협곡2,2025-12-31,수,22,22:00,2025-12-31 22:00:00,27333333.0,5,HOURLY
아쿠아로드:깊은 바다 협곡2,아쿠아로드:깊은 바다 협곡2,2025-12-31,수,23,23:00,2025-12-31 23:00:00,17469135.0,6,HOURLY
